rating,verb,sel,routine,SubjId,language,freq
3,crush,lo,-routine,Subj1,English,med
5,manufacture,lo,+routine,Subj1,English,med
3,distribute,lo,-routine,Subj1,English,med
4,transport,lo,-routine,Subj1,English,med
5,repay,hi,-routine,Subj1,English,med
4,book,hi,+routine,Subj1,English,med
4,ring,hi,+routine,Subj1,English,med
3,scramble,hi,-routine,Subj1,English,med
4,butcher,med,-routine,Subj2,English,lo
4,demolish,med,+routine,Subj2,English,lo
4,whitewash,med,-routine,Subj2,English,lo
3,replenish,med,+routine,Subj2,English,lo
4,close,med,+routine,Subj2,English,hi
3,wash,med,-routine,Subj2,English,hi
4,roll,med,+routine,Subj2,English,hi
3,taste,med,-routine,Subj2,English,hi
2,butcher,med,+routine,Subj3,English,lo
3,demolish,med,+routine,Subj3,English,lo
4,whitewash,med,-routine,Subj3,English,lo
2,replenish,med,+routine,Subj3,English,lo
5,close,med,+routine,Subj3,English,hi
2,wash,med,-routine,Subj3,English,hi
2,roll,med,+routine,Subj3,English,hi
4,taste,med,+routine,Subj3,English,hi
5,crush,lo,-routine,Subj4,English,med
4,manufacture,lo,-routine,Subj4,English,med
5,distribute,lo,-routine,Subj4,English,med
4,transport,lo,-routine,Subj4,English,med
5,repay,hi,-routine,Subj4,English,med
5,book,hi,-routine,Subj4,English,med
4,ring,hi,+routine,Subj4,English,med
5,scramble,hi,+routine,Subj4,English,med
2,crush,lo,-routine,Subj5,English,med
3,manufacture,lo,+routine,Subj5,English,med
1,distribute,lo,-routine,Subj5,English,med
1,transport,lo,-routine,Subj5,English,med
3,repay,hi,+routine,Subj5,English,med
2,book,hi,-routine,Subj5,English,med
1,ring,hi,+routine,Subj5,English,med
1,scramble,hi,-routine,Subj5,English,med
3,crush,lo,+routine,Subj6,English,med
3,manufacture,lo,-routine,Subj6,English,med
4,distribute,lo,+routine,Subj6,English,med
1,transport,lo,-routine,Subj6,English,med
4,repay,hi,-routine,Subj6,English,med
5,book,hi,+routine,Subj6,English,med
2,ring,hi,-routine,Subj6,English,med
1,scramble,hi,-routine,Subj6,English,med
1,crush,lo,-routine,Subj7,English,med
4,manufacture,lo,-routine,Subj7,English,med
3,distribute,lo,-routine,Subj7,English,med
3,transport,lo,+routine,Subj7,English,med
2,repay,hi,-routine,Subj7,English,med
3,book,hi,-routine,Subj7,English,med
1,ring,hi,-routine,Subj7,English,med
1,scramble,hi,+routine,Subj7,English,med
4,butcher,med,+routine,Subj8,English,lo
3,demolish,med,-routine,Subj8,English,lo
2,whitewash,med,+routine,Subj8,English,lo
3,replenish,med,+routine,Subj8,English,lo
2,close,med,+routine,Subj8,English,hi
3,wash,med,-routine,Subj8,English,hi
2,roll,med,+routine,Subj8,English,hi
1,taste,med,-routine,Subj8,English,hi
4,butcher,med,-routine,Subj9,English,lo
1,demolish,med,-routine,Subj9,English,lo
2,whitewash,med,+routine,Subj9,English,lo
2,replenish,med,-routine,Subj9,English,lo
3,close,med,-routine,Subj9,English,hi
2,wash,med,-routine,Subj9,English,hi
2,roll,med,+routine,Subj9,English,hi
1,taste,med,-routine,Subj9,English,hi
3,butcher,med,+routine,Subj10,English,lo
4,demolish,med,+routine,Subj10,English,lo
3,whitewash,med,+routine,Subj10,English,lo
2,replenish,med,-routine,Subj10,English,lo
3,close,med,-routine,Subj10,English,hi
1,wash,med,+routine,Subj10,English,hi
3,roll,med,-routine,Subj10,English,hi
3,taste,med,-routine,Subj10,English,hi
2,butcher,med,+routine,Subj11,English,lo
4,demolish,med,-routine,Subj11,English,lo
1,whitewash,med,+routine,Subj11,English,lo
2,replenish,med,+routine,Subj11,English,lo
2,close,med,+routine,Subj11,English,hi
2,wash,med,+routine,Subj11,English,hi
1,roll,med,-routine,Subj11,English,hi
3,taste,med,-routine,Subj11,English,hi
5,butcher,med,+routine,Subj12,English,lo
5,demolish,med,-routine,Subj12,English,lo
5,whitewash,med,+routine,Subj12,English,lo
1,replenish,med,-routine,Subj12,English,lo
5,close,med,-routine,Subj12,English,hi
5,wash,med,-routine,Subj12,English,hi
1,roll,med,+routine,Subj12,English,hi
1,taste,med,-routine,Subj12,English,hi
5,crush,lo,-routine,Subj13,English,med
4,manufacture,lo,+routine,Subj13,English,med
4,distribute,lo,-routine,Subj13,English,med
3,transport,lo,+routine,Subj13,English,med
5,repay,hi,+routine,Subj13,English,med
3,book,hi,+routine,Subj13,English,med
5,ring,hi,-routine,Subj13,English,med
5,scramble,hi,+routine,Subj13,English,med
3,butcher,med,+routine,Subj14,English,lo
2,demolish,med,+routine,Subj14,English,lo
3,whitewash,med,-routine,Subj14,English,lo
2,replenish,med,+routine,Subj14,English,lo
1,close,med,-routine,Subj14,English,hi
3,wash,med,-routine,Subj14,English,hi
3,roll,med,-routine,Subj14,English,hi
2,taste,med,-routine,Subj14,English,hi
4,butcher,med,+routine,Subj15,English,lo
3,demolish,med,-routine,Subj15,English,lo
3,whitewash,med,-routine,Subj15,English,lo
4,replenish,med,+routine,Subj15,English,lo
5,close,med,-routine,Subj15,English,hi
4,wash,med,+routine,Subj15,English,hi
3,roll,med,+routine,Subj15,English,hi
5,taste,med,+routine,Subj15,English,hi
5,crush,lo,+routine,Subj16,English,med
5,manufacture,lo,+routine,Subj16,English,med
1,distribute,lo,-routine,Subj16,English,med
3,transport,lo,+routine,Subj16,English,med
4,repay,hi,-routine,Subj16,English,med
5,book,hi,-routine,Subj16,English,med
3,ring,hi,-routine,Subj16,English,med
4,scramble,hi,-routine,Subj16,English,med
4,crush,lo,-routine,Subj17,English,med
5,manufacture,lo,+routine,Subj17,English,med
4,distribute,lo,-routine,Subj17,English,med
4,transport,lo,+routine,Subj17,English,med
4,repay,hi,+routine,Subj17,English,med
5,book,hi,+routine,Subj17,English,med
5,ring,hi,-routine,Subj17,English,med
4,scramble,hi,-routine,Subj17,English,med
5,butcher,med,+routine,Subj18,English,lo
5,demolish,med,+routine,Subj18,English,lo
5,whitewash,med,+routine,Subj18,English,lo
5,replenish,med,+routine,Subj18,English,lo
5,close,med,+routine,Subj18,English,hi
5,wash,med,+routine,Subj18,English,hi
5,roll,med,-routine,Subj18,English,hi
5,taste,med,-routine,Subj18,English,hi
3,butcher,med,-routine,Subj19,English,lo
2,demolish,med,-routine,Subj19,English,lo
3,whitewash,med,+routine,Subj19,English,lo
3,replenish,med,-routine,Subj19,English,lo
3,close,med,+routine,Subj19,English,hi
3,wash,med,+routine,Subj19,English,hi
2,roll,med,-routine,Subj19,English,hi
3,taste,med,+routine,Subj19,English,hi
4,butcher,med,-routine,Subj20,English,lo
4,demolish,med,-routine,Subj20,English,lo
4,whitewash,med,+routine,Subj20,English,lo
3,replenish,med,-routine,Subj20,English,lo
5,close,med,+routine,Subj20,English,hi
5,wash,med,-routine,Subj20,English,hi
3,roll,med,-routine,Subj20,English,hi
5,taste,med,+routine,Subj20,English,hi
4,crush,lo,-routine,Subj21,English,med
4,manufacture,lo,+routine,Subj21,English,med
4,distribute,lo,+routine,Subj21,English,med
3,transport,lo,-routine,Subj21,English,med
4,repay,hi,+routine,Subj21,English,med
4,book,hi,-routine,Subj21,English,med
4,ring,hi,+routine,Subj21,English,med
5,scramble,hi,-routine,Subj21,English,med
5,butcher,med,-routine,Subj22,English,lo
4,demolish,med,+routine,Subj22,English,lo
4,whitewash,med,-routine,Subj22,English,lo
5,replenish,med,+routine,Subj22,English,lo
4,close,med,-routine,Subj22,English,hi
4,wash,med,-routine,Subj22,English,hi
5,roll,med,+routine,Subj22,English,hi
4,taste,med,+routine,Subj22,English,hi
5,butcher,med,+routine,Subj23,English,lo
3,demolish,med,+routine,Subj23,English,lo
4,whitewash,med,-routine,Subj23,English,lo
4,replenish,med,+routine,Subj23,English,lo
5,close,med,+routine,Subj23,English,hi
4,wash,med,+routine,Subj23,English,hi
5,roll,med,-routine,Subj23,English,hi
4,taste,med,-routine,Subj23,English,hi
3,crush,lo,-routine,Subj24,English,med
3,manufacture,lo,-routine,Subj24,English,med
3,distribute,lo,+routine,Subj24,English,med
3,transport,lo,-routine,Subj24,English,med
3,repay,hi,-routine,Subj24,English,med
3,book,hi,+routine,Subj24,English,med
2,ring,hi,+routine,Subj24,English,med
3,scramble,hi,+routine,Subj24,English,med
2,butcher,med,-routine,Subj25,English,lo
1,demolish,med,-routine,Subj25,English,lo
2,whitewash,med,+routine,Subj25,English,lo
1,replenish,med,-routine,Subj25,English,lo
2,close,med,-routine,Subj25,English,hi
1,wash,med,+routine,Subj25,English,hi
1,roll,med,-routine,Subj25,English,hi
1,taste,med,+routine,Subj25,English,hi
2,crush,lo,+routine,Subj26,English,med
2,manufacture,lo,+routine,Subj26,English,med
1,distribute,lo,-routine,Subj26,English,med
1,transport,lo,-routine,Subj26,English,med
3,repay,hi,+routine,Subj26,English,med
3,book,hi,-routine,Subj26,English,med
2,ring,hi,-routine,Subj26,English,med
2,scramble,hi,+routine,Subj26,English,med
3,butcher,med,-routine,Subj27,English,lo
2,demolish,med,-routine,Subj27,English,lo
3,whitewash,med,+routine,Subj27,English,lo
3,replenish,med,-routine,Subj27,English,lo
2,close,med,+routine,Subj27,English,hi
3,wash,med,-routine,Subj27,English,hi
2,roll,med,+routine,Subj27,English,hi
2,taste,med,+routine,Subj27,English,hi
4,crush,lo,-routine,Subj28,English,med
5,manufacture,lo,-routine,Subj28,English,med
5,distribute,lo,-routine,Subj28,English,med
5,transport,lo,+routine,Subj28,English,med
5,repay,hi,+routine,Subj28,English,med
5,book,hi,-routine,Subj28,English,med
5,ring,hi,+routine,Subj28,English,med
5,scramble,hi,+routine,Subj28,English,med
1,crush,lo,+routine,Subj29,English,med
3,manufacture,lo,-routine,Subj29,English,med
2,distribute,lo,+routine,Subj29,English,med
2,transport,lo,-routine,Subj29,English,med
2,repay,hi,-routine,Subj29,English,med
2,book,hi,-routine,Subj29,English,med
1,ring,hi,-routine,Subj29,English,med
1,scramble,hi,+routine,Subj29,English,med
4,crush,lo,-routine,Subj30,English,med
3,manufacture,lo,-routine,Subj30,English,med
3,distribute,lo,+routine,Subj30,English,med
4,transport,lo,-routine,Subj30,English,med
4,repay,hi,-routine,Subj30,English,med
4,book,hi,-routine,Subj30,English,med
3,ring,hi,+routine,Subj30,English,med
4,scramble,hi,+routine,Subj30,English,med
3,crush,lo,-routine,Subj31,English,med
2,manufacture,lo,+routine,Subj31,English,med
3,distribute,lo,+routine,Subj31,English,med
3,transport,lo,-routine,Subj31,English,med
2,repay,hi,+routine,Subj31,English,med
3,book,hi,-routine,Subj31,English,med
3,ring,hi,+routine,Subj31,English,med
3,scramble,hi,-routine,Subj31,English,med
4,butcher,med,+routine,Subj32,English,lo
4,demolish,med,+routine,Subj32,English,lo
4,whitewash,med,-routine,Subj32,English,lo
5,replenish,med,+routine,Subj32,English,lo
4,close,med,-routine,Subj32,English,hi
5,wash,med,-routine,Subj32,English,hi
4,roll,med,-routine,Subj32,English,hi
4,taste,med,+routine,Subj32,English,hi
2,crush,lo,+routine,Subj33,English,med
4,manufacture,lo,-routine,Subj33,English,med
4,distribute,lo,-routine,Subj33,English,med
4,transport,lo,+routine,Subj33,English,med
3,repay,hi,-routine,Subj33,English,med
4,book,hi,-routine,Subj33,English,med
4,ring,hi,+routine,Subj33,English,med
3,scramble,hi,+routine,Subj33,English,med
5,crush,lo,+routine,Subj34,English,med
4,manufacture,lo,+routine,Subj34,English,med
5,distribute,lo,+routine,Subj34,English,med
4,transport,lo,-routine,Subj34,English,med
5,repay,hi,+routine,Subj34,English,med
5,book,hi,-routine,Subj34,English,med
4,ring,hi,-routine,Subj34,English,med
5,scramble,hi,-routine,Subj34,English,med
2,butcher,med,+routine,Subj35,English,lo
4,demolish,med,-routine,Subj35,English,lo
4,whitewash,med,+routine,Subj35,English,lo
2,replenish,med,+routine,Subj35,English,lo
3,close,med,+routine,Subj35,English,hi
4,wash,med,+routine,Subj35,English,hi
2,roll,med,-routine,Subj35,English,hi
2,taste,med,+routine,Subj35,English,hi
3,butcher,med,+routine,Subj36,English,lo
3,demolish,med,+routine,Subj36,English,lo
2,whitewash,med,-routine,Subj36,English,lo
5,replenish,med,+routine,Subj36,English,lo
4,close,med,+routine,Subj36,English,hi
4,wash,med,+routine,Subj36,English,hi
4,roll,med,-routine,Subj36,English,hi
4,taste,med,+routine,Subj36,English,hi
4,butcher,med,-routine,Subj37,English,lo
4,demolish,med,+routine,Subj37,English,lo
4,whitewash,med,-routine,Subj37,English,lo
5,replenish,med,-routine,Subj37,English,lo
4,close,med,-routine,Subj37,English,hi
4,wash,med,+routine,Subj37,English,hi
3,roll,med,+routine,Subj37,English,hi
3,taste,med,-routine,Subj37,English,hi
2,butcher,med,+routine,Subj38,English,lo
2,demolish,med,+routine,Subj38,English,lo
5,whitewash,med,+routine,Subj38,English,lo
1,replenish,med,-routine,Subj38,English,lo
1,close,med,+routine,Subj38,English,hi
3,wash,med,+routine,Subj38,English,hi
1,roll,med,-routine,Subj38,English,hi
1,taste,med,+routine,Subj38,English,hi
5,crush,lo,+routine,Subj39,English,med
4,manufacture,lo,-routine,Subj39,English,med
4,distribute,lo,-routine,Subj39,English,med
4,transport,lo,-routine,Subj39,English,med
4,repay,hi,-routine,Subj39,English,med
3,book,hi,-routine,Subj39,English,med
4,ring,hi,+routine,Subj39,English,med
3,scramble,hi,-routine,Subj39,English,med
2,crush,lo,+routine,Subj40,English,med
4,manufacture,lo,+routine,Subj40,English,med
3,distribute,lo,-routine,Subj40,English,med
4,transport,lo,-routine,Subj40,English,med
2,repay,hi,+routine,Subj40,English,med
4,book,hi,-routine,Subj40,English,med
3,ring,hi,+routine,Subj40,English,med
2,scramble,hi,+routine,Subj40,English,med
3,butcher,med,+routine,Subj41,English,lo
2,demolish,med,-routine,Subj41,English,lo
3,whitewash,med,+routine,Subj41,English,lo
3,replenish,med,-routine,Subj41,English,lo
4,close,med,+routine,Subj41,English,hi
5,wash,med,+routine,Subj41,English,hi
5,roll,med,+routine,Subj41,English,hi
4,taste,med,-routine,Subj41,English,hi
4,crush,lo,-routine,Subj42,English,med
3,manufacture,lo,-routine,Subj42,English,med
4,distribute,lo,-routine,Subj42,English,med
4,transport,lo,-routine,Subj42,English,med
4,repay,hi,+routine,Subj42,English,med
4,book,hi,+routine,Subj42,English,med
3,ring,hi,+routine,Subj42,English,med
4,scramble,hi,+routine,Subj42,English,med
4,crush,lo,-routine,Subj43,English,med
4,manufacture,lo,-routine,Subj43,English,med
5,distribute,lo,+routine,Subj43,English,med
2,transport,lo,-routine,Subj43,English,med
2,repay,hi,-routine,Subj43,English,med
4,book,hi,+routine,Subj43,English,med
5,ring,hi,+routine,Subj43,English,med
4,scramble,hi,-routine,Subj43,English,med
1,crush,lo,+routine,Subj44,English,med
2,manufacture,lo,+routine,Subj44,English,med
1,distribute,lo,-routine,Subj44,English,med
1,transport,lo,-routine,Subj44,English,med
2,repay,hi,+routine,Subj44,English,med
1,book,hi,+routine,Subj44,English,med
1,ring,hi,+routine,Subj44,English,med
1,scramble,hi,-routine,Subj44,English,med
3,butcher,med,+routine,Subj45,English,lo
1,demolish,med,-routine,Subj45,English,lo
4,whitewash,med,-routine,Subj45,English,lo
1,replenish,med,-routine,Subj45,English,lo
2,close,med,-routine,Subj45,English,hi
1,wash,med,+routine,Subj45,English,hi
1,roll,med,+routine,Subj45,English,hi
3,taste,med,-routine,Subj45,English,hi
3,crush,lo,+routine,Subj46,English,med
3,manufacture,lo,+routine,Subj46,English,med
4,distribute,lo,-routine,Subj46,English,med
4,transport,lo,-routine,Subj46,English,med
5,repay,hi,+routine,Subj46,English,med
3,book,hi,-routine,Subj46,English,med
3,ring,hi,-routine,Subj46,English,med
3,scramble,hi,+routine,Subj46,English,med
5,butcher,med,+routine,Subj47,English,lo
1,demolish,med,-routine,Subj47,English,lo
4,whitewash,med,-routine,Subj47,English,lo
3,replenish,med,+routine,Subj47,English,lo
2,close,med,+routine,Subj47,English,hi
3,wash,med,+routine,Subj47,English,hi
1,roll,med,-routine,Subj47,English,hi
3,taste,med,-routine,Subj47,English,hi
3,butcher,med,+routine,Subj48,English,lo
2,demolish,med,-routine,Subj48,English,lo
1,whitewash,med,-routine,Subj48,English,lo
1,replenish,med,+routine,Subj48,English,lo
1,close,med,-routine,Subj48,English,hi
1,wash,med,-routine,Subj48,English,hi
2,roll,med,+routine,Subj48,English,hi
2,taste,med,+routine,Subj48,English,hi
4,butcher,med,-routine,Subj49,English,lo
5,demolish,med,-routine,Subj49,English,lo
5,whitewash,med,-routine,Subj49,English,lo
5,replenish,med,-routine,Subj49,English,lo
3,close,med,+routine,Subj49,English,hi
5,wash,med,+routine,Subj49,English,hi
5,roll,med,+routine,Subj49,English,hi
3,taste,med,+routine,Subj49,English,hi
3,butcher,med,+routine,Subj50,English,lo
3,demolish,med,+routine,Subj50,English,lo
3,whitewash,med,+routine,Subj50,English,lo
3,replenish,med,-routine,Subj50,English,lo
2,close,med,+routine,Subj50,English,hi
3,wash,med,-routine,Subj50,English,hi
4,roll,med,+routine,Subj50,English,hi
1,taste,med,-routine,Subj50,English,hi
5,butcher,med,-routine,Subj51,English,lo
3,demolish,med,+routine,Subj51,English,lo
5,whitewash,med,+routine,Subj51,English,lo
5,replenish,med,+routine,Subj51,English,lo
2,close,med,-routine,Subj51,English,hi
4,wash,med,-routine,Subj51,English,hi
4,roll,med,+routine,Subj51,English,hi
3,taste,med,+routine,Subj51,English,hi
1,crush,lo,+routine,Subj52,English,med
3,manufacture,lo,+routine,Subj52,English,med
1,distribute,lo,-routine,Subj52,English,med
1,transport,lo,-routine,Subj52,English,med
1,repay,hi,+routine,Subj52,English,med
1,book,hi,-routine,Subj52,English,med
2,ring,hi,+routine,Subj52,English,med
1,scramble,hi,-routine,Subj52,English,med
4,butcher,med,+routine,Subj53,English,lo
4,demolish,med,+routine,Subj53,English,lo
5,whitewash,med,+routine,Subj53,English,lo
5,replenish,med,-routine,Subj53,English,lo
5,close,med,-routine,Subj53,English,hi
4,wash,med,-routine,Subj53,English,hi
5,roll,med,-routine,Subj53,English,hi
4,taste,med,+routine,Subj53,English,hi
4,butcher,med,-routine,Subj54,English,lo
4,demolish,med,-routine,Subj54,English,lo
3,whitewash,med,-routine,Subj54,English,lo
4,replenish,med,+routine,Subj54,English,lo
4,close,med,-routine,Subj54,English,hi
4,wash,med,-routine,Subj54,English,hi
4,roll,med,-routine,Subj54,English,hi
4,taste,med,+routine,Subj54,English,hi
5,crush,lo,+routine,Subj55,English,med
2,manufacture,lo,-routine,Subj55,English,med
4,distribute,lo,+routine,Subj55,English,med
3,transport,lo,+routine,Subj55,English,med
2,repay,hi,-routine,Subj55,English,med
5,book,hi,+routine,Subj55,English,med
2,ring,hi,+routine,Subj55,English,med
3,scramble,hi,+routine,Subj55,English,med
4,butcher,med,-routine,Subj56,English,lo
3,demolish,med,-routine,Subj56,English,lo
3,whitewash,med,-routine,Subj56,English,lo
2,replenish,med,+routine,Subj56,English,lo
3,close,med,-routine,Subj56,English,hi
2,wash,med,-routine,Subj56,English,hi
1,roll,med,-routine,Subj56,English,hi
1,taste,med,+routine,Subj56,English,hi
1,crush,lo,-routine,Subj57,English,med
4,manufacture,lo,-routine,Subj57,English,med
3,distribute,lo,+routine,Subj57,English,med
3,transport,lo,-routine,Subj57,English,med
3,repay,hi,+routine,Subj57,English,med
4,book,hi,+routine,Subj57,English,med
4,ring,hi,+routine,Subj57,English,med
4,scramble,hi,-routine,Subj57,English,med
4,crush,lo,-routine,Subj58,English,med
3,manufacture,lo,+routine,Subj58,English,med
4,distribute,lo,-routine,Subj58,English,med
1,transport,lo,+routine,Subj58,English,med
5,repay,hi,-routine,Subj58,English,med
4,book,hi,+routine,Subj58,English,med
2,ring,hi,-routine,Subj58,English,med
2,scramble,hi,+routine,Subj58,English,med
3,butcher,med,+routine,Subj59,English,lo
4,demolish,med,+routine,Subj59,English,lo
2,whitewash,med,-routine,Subj59,English,lo
1,replenish,med,-routine,Subj59,English,lo
5,close,med,+routine,Subj59,English,hi
3,wash,med,+routine,Subj59,English,hi
2,roll,med,-routine,Subj59,English,hi
4,taste,med,+routine,Subj59,English,hi
3,butcher,med,+routine,Subj60,English,lo
2,demolish,med,+routine,Subj60,English,lo
1,whitewash,med,-routine,Subj60,English,lo
2,replenish,med,-routine,Subj60,English,lo
2,close,med,+routine,Subj60,English,hi
1,wash,med,-routine,Subj60,English,hi
1,roll,med,+routine,Subj60,English,hi
1,taste,med,+routine,Subj60,English,hi
4,butcher,med,-routine,Subj61,English,lo
3,demolish,med,+routine,Subj61,English,lo
5,whitewash,med,-routine,Subj61,English,lo
2,replenish,med,-routine,Subj61,English,lo
5,close,med,+routine,Subj61,English,hi
4,wash,med,+routine,Subj61,English,hi
2,roll,med,+routine,Subj61,English,hi
1,taste,med,-routine,Subj61,English,hi
4,butcher,med,-routine,Subj62,English,lo
5,demolish,med,-routine,Subj62,English,lo
5,whitewash,med,-routine,Subj62,English,lo
4,replenish,med,+routine,Subj62,English,lo
5,close,med,+routine,Subj62,English,hi
5,wash,med,-routine,Subj62,English,hi
5,roll,med,+routine,Subj62,English,hi
4,taste,med,-routine,Subj62,English,hi
2,butcher,med,+routine,Subj63,English,lo
5,demolish,med,-routine,Subj63,English,lo
4,whitewash,med,+routine,Subj63,English,lo
4,replenish,med,+routine,Subj63,English,lo
3,close,med,+routine,Subj63,English,hi
3,wash,med,-routine,Subj63,English,hi
2,roll,med,-routine,Subj63,English,hi
4,taste,med,+routine,Subj63,English,hi
3,butcher,med,-routine,Subj64,English,lo
2,demolish,med,-routine,Subj64,English,lo
1,whitewash,med,-routine,Subj64,English,lo
4,replenish,med,+routine,Subj64,English,lo
2,close,med,+routine,Subj64,English,hi
1,wash,med,+routine,Subj64,English,hi
2,roll,med,-routine,Subj64,English,hi
4,taste,med,-routine,Subj64,English,hi
3,crush,lo,+routine,Subj65,English,med
2,manufacture,lo,+routine,Subj65,English,med
1,distribute,lo,+routine,Subj65,English,med
3,transport,lo,+routine,Subj65,English,med
1,repay,hi,-routine,Subj65,English,med
4,book,hi,-routine,Subj65,English,med
4,ring,hi,-routine,Subj65,English,med
2,scramble,hi,-routine,Subj65,English,med
3,crush,lo,-routine,Subj66,English,med
3,manufacture,lo,+routine,Subj66,English,med
5,distribute,lo,+routine,Subj66,English,med
5,transport,lo,+routine,Subj66,English,med
5,repay,hi,-routine,Subj66,English,med
5,book,hi,-routine,Subj66,English,med
4,ring,hi,+routine,Subj66,English,med
5,scramble,hi,-routine,Subj66,English,med
5,butcher,med,-routine,Subj67,English,lo
4,demolish,med,+routine,Subj67,English,lo
4,whitewash,med,-routine,Subj67,English,lo
4,replenish,med,+routine,Subj67,English,lo
5,close,med,-routine,Subj67,English,hi
5,wash,med,-routine,Subj67,English,hi
4,roll,med,+routine,Subj67,English,hi
4,taste,med,+routine,Subj67,English,hi
5,butcher,med,+routine,Subj68,English,lo
4,demolish,med,+routine,Subj68,English,lo
4,whitewash,med,+routine,Subj68,English,lo
4,replenish,med,-routine,Subj68,English,lo
4,close,med,+routine,Subj68,English,hi
5,wash,med,-routine,Subj68,English,hi
4,roll,med,+routine,Subj68,English,hi
4,taste,med,+routine,Subj68,English,hi
1,crush,lo,-routine,Subj69,English,med
2,manufacture,lo,+routine,Subj69,English,med
1,distribute,lo,+routine,Subj69,English,med
1,transport,lo,-routine,Subj69,English,med
3,repay,hi,-routine,Subj69,English,med
3,book,hi,-routine,Subj69,English,med
1,ring,hi,+routine,Subj69,English,med
1,scramble,hi,+routine,Subj69,English,med
1,crush,lo,+routine,Subj70,English,med
4,manufacture,lo,+routine,Subj70,English,med
2,distribute,lo,-routine,Subj70,English,med
4,transport,lo,+routine,Subj70,English,med
2,repay,hi,+routine,Subj70,English,med
2,book,hi,-routine,Subj70,English,med
2,ring,hi,+routine,Subj70,English,med
3,scramble,hi,-routine,Subj70,English,med
3,butcher,med,+routine,Subj71,English,lo
3,demolish,med,-routine,Subj71,English,lo
4,whitewash,med,-routine,Subj71,English,lo
3,replenish,med,+routine,Subj71,English,lo
4,close,med,+routine,Subj71,English,hi
4,wash,med,+routine,Subj71,English,hi
4,roll,med,-routine,Subj71,English,hi
3,taste,med,+routine,Subj71,English,hi
3,crush,lo,-routine,Subj72,English,med
4,manufacture,lo,+routine,Subj72,English,med
4,distribute,lo,+routine,Subj72,English,med
4,transport,lo,-routine,Subj72,English,med
4,repay,hi,+routine,Subj72,English,med
4,book,hi,-routine,Subj72,English,med
4,ring,hi,-routine,Subj72,English,med
3,scramble,hi,+routine,Subj72,English,med
3,crush,lo,+routine,Subj73,English,med
4,manufacture,lo,-routine,Subj73,English,med
3,distribute,lo,-routine,Subj73,English,med
3,transport,lo,+routine,Subj73,English,med
2,repay,hi,+routine,Subj73,English,med
3,book,hi,+routine,Subj73,English,med
4,ring,hi,-routine,Subj73,English,med
5,scramble,hi,+routine,Subj73,English,med
4,butcher,med,-routine,Subj74,English,lo
3,demolish,med,-routine,Subj74,English,lo
3,whitewash,med,+routine,Subj74,English,lo
2,replenish,med,-routine,Subj74,English,lo
4,close,med,+routine,Subj74,English,hi
5,wash,med,-routine,Subj74,English,hi
4,roll,med,+routine,Subj74,English,hi
4,taste,med,+routine,Subj74,English,hi
3,butcher,med,+routine,Subj75,English,lo
4,demolish,med,+routine,Subj75,English,lo
5,whitewash,med,+routine,Subj75,English,lo
3,replenish,med,-routine,Subj75,English,lo
4,close,med,+routine,Subj75,English,hi
3,wash,med,-routine,Subj75,English,hi
4,roll,med,+routine,Subj75,English,hi
4,taste,med,+routine,Subj75,English,hi
3,crush,lo,+routine,Subj76,English,med
3,manufacture,lo,-routine,Subj76,English,med
4,distribute,lo,-routine,Subj76,English,med
4,transport,lo,+routine,Subj76,English,med
3,repay,hi,-routine,Subj76,English,med
3,book,hi,-routine,Subj76,English,med
5,ring,hi,+routine,Subj76,English,med
3,scramble,hi,+routine,Subj76,English,med
4,butcher,med,+routine,Subj77,English,lo
4,demolish,med,-routine,Subj77,English,lo
2,whitewash,med,+routine,Subj77,English,lo
4,replenish,med,-routine,Subj77,English,lo
4,close,med,-routine,Subj77,English,hi
3,wash,med,+routine,Subj77,English,hi
3,roll,med,+routine,Subj77,English,hi
3,taste,med,+routine,Subj77,English,hi
3,butcher,med,-routine,Subj78,English,lo
3,demolish,med,-routine,Subj78,English,lo
4,whitewash,med,-routine,Subj78,English,lo
3,replenish,med,-routine,Subj78,English,lo
4,close,med,+routine,Subj78,English,hi
4,wash,med,-routine,Subj78,English,hi
4,roll,med,+routine,Subj78,English,hi
3,taste,med,+routine,Subj78,English,hi
1,crush,lo,+routine,Subj79,English,med
1,manufacture,lo,+routine,Subj79,English,med
4,distribute,lo,+routine,Subj79,English,med
2,transport,lo,-routine,Subj79,English,med
2,repay,hi,+routine,Subj79,English,med
4,book,hi,+routine,Subj79,English,med
1,ring,hi,-routine,Subj79,English,med
2,scramble,hi,-routine,Subj79,English,med
3,butcher,med,-routine,Subj80,English,lo
2,demolish,med,+routine,Subj80,English,lo
5,whitewash,med,+routine,Subj80,English,lo
3,replenish,med,-routine,Subj80,English,lo
3,close,med,+routine,Subj80,English,hi
5,wash,med,-routine,Subj80,English,hi
4,roll,med,-routine,Subj80,English,hi
5,taste,med,-routine,Subj80,English,hi
5,crush,lo,+routine,Subj81,English,med
5,manufacture,lo,+routine,Subj81,English,med
5,distribute,lo,+routine,Subj81,English,med
4,transport,lo,+routine,Subj81,English,med
4,repay,hi,+routine,Subj81,English,med
4,book,hi,-routine,Subj81,English,med
5,ring,hi,-routine,Subj81,English,med
5,scramble,hi,+routine,Subj81,English,med
4,crush,lo,-routine,Subj82,English,med
4,manufacture,lo,+routine,Subj82,English,med
4,distribute,lo,+routine,Subj82,English,med
4,transport,lo,+routine,Subj82,English,med
4,repay,hi,-routine,Subj82,English,med
5,book,hi,+routine,Subj82,English,med
4,ring,hi,+routine,Subj82,English,med
5,scramble,hi,-routine,Subj82,English,med
1,crush,lo,+routine,Subj83,English,med
2,manufacture,lo,-routine,Subj83,English,med
2,distribute,lo,-routine,Subj83,English,med
4,transport,lo,+routine,Subj83,English,med
2,repay,hi,+routine,Subj83,English,med
2,book,hi,-routine,Subj83,English,med
1,ring,hi,-routine,Subj83,English,med
1,scramble,hi,+routine,Subj83,English,med
2,butcher,med,+routine,Subj84,English,lo
2,demolish,med,+routine,Subj84,English,lo
4,whitewash,med,+routine,Subj84,English,lo
3,replenish,med,+routine,Subj84,English,lo
3,close,med,+routine,Subj84,English,hi
2,wash,med,+routine,Subj84,English,hi
3,roll,med,+routine,Subj84,English,hi
3,taste,med,-routine,Subj84,English,hi
1,crush,lo,-routine,Subj85,English,med
2,manufacture,lo,+routine,Subj85,English,med
1,distribute,lo,-routine,Subj85,English,med
2,transport,lo,+routine,Subj85,English,med
2,repay,hi,-routine,Subj85,English,med
2,book,hi,+routine,Subj85,English,med
1,ring,hi,-routine,Subj85,English,med
2,scramble,hi,-routine,Subj85,English,med
1,crush,lo,+routine,Subj86,English,med
2,manufacture,lo,+routine,Subj86,English,med
2,distribute,lo,-routine,Subj86,English,med
1,transport,lo,-routine,Subj86,English,med
1,repay,hi,-routine,Subj86,English,med
1,book,hi,-routine,Subj86,English,med
2,ring,hi,-routine,Subj86,English,med
1,scramble,hi,-routine,Subj86,English,med
4,butcher,med,+routine,Subj87,English,lo
4,demolish,med,-routine,Subj87,English,lo
4,whitewash,med,-routine,Subj87,English,lo
4,replenish,med,+routine,Subj87,English,lo
5,close,med,+routine,Subj87,English,hi
4,wash,med,+routine,Subj87,English,hi
4,roll,med,+routine,Subj87,English,hi
4,taste,med,+routine,Subj87,English,hi
1,crush,lo,+routine,Subj88,English,med
3,manufacture,lo,-routine,Subj88,English,med
2,distribute,lo,-routine,Subj88,English,med
1,transport,lo,+routine,Subj88,English,med
2,repay,hi,-routine,Subj88,English,med
2,book,hi,+routine,Subj88,English,med
3,ring,hi,-routine,Subj88,English,med
1,scramble,hi,+routine,Subj88,English,med
3,butcher,med,+routine,Subj89,English,lo
1,demolish,med,-routine,Subj89,English,lo
5,whitewash,med,+routine,Subj89,English,lo
1,replenish,med,+routine,Subj89,English,lo
1,close,med,+routine,Subj89,English,hi
3,wash,med,+routine,Subj89,English,hi
1,roll,med,+routine,Subj89,English,hi
2,taste,med,+routine,Subj89,English,hi
1,crush,lo,-routine,Subj90,English,med
1,manufacture,lo,-routine,Subj90,English,med
1,distribute,lo,-routine,Subj90,English,med
1,transport,lo,+routine,Subj90,English,med
1,repay,hi,+routine,Subj90,English,med
1,book,hi,+routine,Subj90,English,med
1,ring,hi,-routine,Subj90,English,med
1,scramble,hi,+routine,Subj90,English,med
3,crush,lo,+routine,Subj91,English,med
1,manufacture,lo,-routine,Subj91,English,med
1,distribute,lo,-routine,Subj91,English,med
1,transport,lo,-routine,Subj91,English,med
2,repay,hi,-routine,Subj91,English,med
5,book,hi,-routine,Subj91,English,med
1,ring,hi,+routine,Subj91,English,med
4,scramble,hi,+routine,Subj91,English,med
2,crush,lo,-routine,Subj92,English,med
2,manufacture,lo,+routine,Subj92,English,med
4,distribute,lo,+routine,Subj92,English,med
1,transport,lo,+routine,Subj92,English,med
3,repay,hi,+routine,Subj92,English,med
3,book,hi,-routine,Subj92,English,med
5,ring,hi,+routine,Subj92,English,med
2,scramble,hi,+routine,Subj92,English,med
2,crush,lo,-routine,Subj93,English,med
1,manufacture,lo,-routine,Subj93,English,med
1,distribute,lo,-routine,Subj93,English,med
2,transport,lo,-routine,Subj93,English,med
2,repay,hi,-routine,Subj93,English,med
3,book,hi,+routine,Subj93,English,med
1,ring,hi,-routine,Subj93,English,med
3,scramble,hi,+routine,Subj93,English,med
2,crush,lo,-routine,Subj94,English,med
5,manufacture,lo,+routine,Subj94,English,med
4,distribute,lo,-routine,Subj94,English,med
1,transport,lo,+routine,Subj94,English,med
5,repay,hi,-routine,Subj94,English,med
5,book,hi,-routine,Subj94,English,med
2,ring,hi,-routine,Subj94,English,med
1,scramble,hi,+routine,Subj94,English,med
4,butcher,med,-routine,Subj95,English,lo
4,demolish,med,-routine,Subj95,English,lo
3,whitewash,med,+routine,Subj95,English,lo
4,replenish,med,-routine,Subj95,English,lo
4,close,med,+routine,Subj95,English,hi
4,wash,med,+routine,Subj95,English,hi
4,roll,med,-routine,Subj95,English,hi
5,taste,med,+routine,Subj95,English,hi
5,crush,lo,+routine,Subj96,English,med
5,manufacture,lo,+routine,Subj96,English,med
4,distribute,lo,+routine,Subj96,English,med
4,transport,lo,-routine,Subj96,English,med
5,repay,hi,+routine,Subj96,English,med
4,book,hi,+routine,Subj96,English,med
4,ring,hi,+routine,Subj96,English,med
5,scramble,hi,-routine,Subj96,English,med
3,crush,lo,-routine,Subj97,English,med
3,manufacture,lo,-routine,Subj97,English,med
4,distribute,lo,-routine,Subj97,English,med
3,transport,lo,-routine,Subj97,English,med
2,repay,hi,-routine,Subj97,English,med
3,book,hi,+routine,Subj97,English,med
3,ring,hi,-routine,Subj97,English,med
2,scramble,hi,-routine,Subj97,English,med
1,crush,lo,-routine,Subj98,English,med
1,manufacture,lo,-routine,Subj98,English,med
4,distribute,lo,-routine,Subj98,English,med
3,transport,lo,+routine,Subj98,English,med
1,repay,hi,+routine,Subj98,English,med
1,book,hi,-routine,Subj98,English,med
1,ring,hi,+routine,Subj98,English,med
1,scramble,hi,-routine,Subj98,English,med
2,butcher,med,-routine,Subj99,English,lo
4,demolish,med,-routine,Subj99,English,lo
4,whitewash,med,-routine,Subj99,English,lo
2,replenish,med,-routine,Subj99,English,lo
2,close,med,-routine,Subj99,English,hi
3,wash,med,+routine,Subj99,English,hi
1,roll,med,-routine,Subj99,English,hi
1,taste,med,+routine,Subj99,English,hi
4,butcher,med,+routine,Subj100,English,lo
5,demolish,med,-routine,Subj100,English,lo
5,whitewash,med,-routine,Subj100,English,lo
5,replenish,med,+routine,Subj100,English,lo
5,close,med,+routine,Subj100,English,hi
4,wash,med,-routine,Subj100,English,hi
5,roll,med,-routine,Subj100,English,hi
4,taste,med,+routine,Subj100,English,hi
3,crush,lo,-routine,Subj101,English,med
2,manufacture,lo,+routine,Subj101,English,med
3,distribute,lo,-routine,Subj101,English,med
3,transport,lo,-routine,Subj101,English,med
3,repay,hi,-routine,Subj101,English,med
4,book,hi,-routine,Subj101,English,med
4,ring,hi,-routine,Subj101,English,med
3,scramble,hi,+routine,Subj101,English,med
1,crush,lo,-routine,Subj102,English,med
1,manufacture,lo,-routine,Subj102,English,med
1,distribute,lo,-routine,Subj102,English,med
1,transport,lo,+routine,Subj102,English,med
3,repay,hi,+routine,Subj102,English,med
1,book,hi,-routine,Subj102,English,med
1,ring,hi,-routine,Subj102,English,med
1,scramble,hi,-routine,Subj102,English,med
5,crush,lo,-routine,Subj103,English,med
5,manufacture,lo,+routine,Subj103,English,med
4,distribute,lo,+routine,Subj103,English,med
5,transport,lo,-routine,Subj103,English,med
4,repay,hi,-routine,Subj103,English,med
4,book,hi,+routine,Subj103,English,med
5,ring,hi,-routine,Subj103,English,med
5,scramble,hi,+routine,Subj103,English,med
2,butcher,med,-routine,Subj104,English,lo
2,demolish,med,-routine,Subj104,English,lo
3,whitewash,med,-routine,Subj104,English,lo
3,replenish,med,+routine,Subj104,English,lo
4,close,med,-routine,Subj104,English,hi
4,wash,med,-routine,Subj104,English,hi
3,roll,med,+routine,Subj104,English,hi
5,taste,med,-routine,Subj104,English,hi
4,crush,lo,+routine,Subj105,English,med
2,manufacture,lo,+routine,Subj105,English,med
3,distribute,lo,-routine,Subj105,English,med
2,transport,lo,-routine,Subj105,English,med
2,repay,hi,+routine,Subj105,English,med
1,book,hi,+routine,Subj105,English,med
5,ring,hi,+routine,Subj105,English,med
1,scramble,hi,+routine,Subj105,English,med
5,butcher,med,+routine,Subj106,English,lo
4,demolish,med,+routine,Subj106,English,lo
4,whitewash,med,-routine,Subj106,English,lo
4,replenish,med,-routine,Subj106,English,lo
4,close,med,-routine,Subj106,English,hi
5,wash,med,-routine,Subj106,English,hi
4,roll,med,+routine,Subj106,English,hi
4,taste,med,+routine,Subj106,English,hi
1,butcher,med,+routine,Subj107,English,lo
4,demolish,med,+routine,Subj107,English,lo
4,whitewash,med,+routine,Subj107,English,lo
4,replenish,med,-routine,Subj107,English,lo
2,close,med,+routine,Subj107,English,hi
2,wash,med,-routine,Subj107,English,hi
2,roll,med,-routine,Subj107,English,hi
3,taste,med,+routine,Subj107,English,hi
4,crush,lo,+routine,Subj108,English,med
2,manufacture,lo,+routine,Subj108,English,med
2,distribute,lo,-routine,Subj108,English,med
2,transport,lo,-routine,Subj108,English,med
2,repay,hi,-routine,Subj108,English,med
3,book,hi,+routine,Subj108,English,med
2,ring,hi,+routine,Subj108,English,med
2,scramble,hi,-routine,Subj108,English,med
4,crush,lo,+routine,Subj109,English,med
4,manufacture,lo,+routine,Subj109,English,med
4,distribute,lo,-routine,Subj109,English,med
5,transport,lo,-routine,Subj109,English,med
5,repay,hi,-routine,Subj109,English,med
4,book,hi,-routine,Subj109,English,med
5,ring,hi,-routine,Subj109,English,med
4,scramble,hi,-routine,Subj109,English,med
3,butcher,med,-routine,Subj110,English,lo
4,demolish,med,-routine,Subj110,English,lo
2,whitewash,med,+routine,Subj110,English,lo
2,replenish,med,+routine,Subj110,English,lo
4,close,med,-routine,Subj110,English,hi
4,wash,med,+routine,Subj110,English,hi
3,roll,med,+routine,Subj110,English,hi
4,taste,med,-routine,Subj110,English,hi
5,crush,lo,-routine,Subj111,English,med
5,manufacture,lo,-routine,Subj111,English,med
4,distribute,lo,-routine,Subj111,English,med
4,transport,lo,+routine,Subj111,English,med
4,repay,hi,-routine,Subj111,English,med
4,book,hi,+routine,Subj111,English,med
4,ring,hi,+routine,Subj111,English,med
4,scramble,hi,-routine,Subj111,English,med
2,crush,lo,+routine,Subj112,English,med
3,manufacture,lo,+routine,Subj112,English,med
1,distribute,lo,+routine,Subj112,English,med
2,transport,lo,+routine,Subj112,English,med
4,repay,hi,+routine,Subj112,English,med
1,book,hi,-routine,Subj112,English,med
4,ring,hi,+routine,Subj112,English,med
1,scramble,hi,+routine,Subj112,English,med
4,crush,lo,-routine,Subj113,English,med
4,manufacture,lo,-routine,Subj113,English,med
4,distribute,lo,-routine,Subj113,English,med
2,transport,lo,+routine,Subj113,English,med
5,repay,hi,+routine,Subj113,English,med
5,book,hi,+routine,Subj113,English,med
2,ring,hi,-routine,Subj113,English,med
4,scramble,hi,-routine,Subj113,English,med
4,butcher,med,-routine,Subj114,English,lo
3,demolish,med,-routine,Subj114,English,lo
1,whitewash,med,-routine,Subj114,English,lo
2,replenish,med,+routine,Subj114,English,lo
2,close,med,+routine,Subj114,English,hi
5,wash,med,+routine,Subj114,English,hi
3,roll,med,-routine,Subj114,English,hi
4,taste,med,+routine,Subj114,English,hi
3,crush,lo,-routine,Subj115,English,med
1,manufacture,lo,+routine,Subj115,English,med
2,distribute,lo,-routine,Subj115,English,med
3,transport,lo,+routine,Subj115,English,med
3,repay,hi,-routine,Subj115,English,med
3,book,hi,-routine,Subj115,English,med
1,ring,hi,-routine,Subj115,English,med
1,scramble,hi,-routine,Subj115,English,med
4,butcher,med,+routine,Subj116,English,lo
5,demolish,med,+routine,Subj116,English,lo
5,whitewash,med,-routine,Subj116,English,lo
5,replenish,med,+routine,Subj116,English,lo
5,close,med,-routine,Subj116,English,hi
5,wash,med,+routine,Subj116,English,hi
4,roll,med,-routine,Subj116,English,hi
5,taste,med,+routine,Subj116,English,hi
5,butcher,med,-routine,Subj117,English,lo
5,demolish,med,-routine,Subj117,English,lo
5,whitewash,med,+routine,Subj117,English,lo
3,replenish,med,-routine,Subj117,English,lo
5,close,med,+routine,Subj117,English,hi
4,wash,med,+routine,Subj117,English,hi
5,roll,med,-routine,Subj117,English,hi
5,taste,med,+routine,Subj117,English,hi
4,crush,lo,+routine,Subj118,English,med
5,manufacture,lo,-routine,Subj118,English,med
5,distribute,lo,+routine,Subj118,English,med
5,transport,lo,-routine,Subj118,English,med
5,repay,hi,+routine,Subj118,English,med
5,book,hi,-routine,Subj118,English,med
5,ring,hi,-routine,Subj118,English,med
5,scramble,hi,+routine,Subj118,English,med
5,butcher,med,-routine,Subj119,English,lo
5,demolish,med,+routine,Subj119,English,lo
5,whitewash,med,-routine,Subj119,English,lo
5,replenish,med,+routine,Subj119,English,lo
5,close,med,-routine,Subj119,English,hi
5,wash,med,-routine,Subj119,English,hi
5,roll,med,+routine,Subj119,English,hi
5,taste,med,+routine,Subj119,English,hi
1,crush,lo,-routine,Subj120,English,med
2,manufacture,lo,+routine,Subj120,English,med
3,distribute,lo,+routine,Subj120,English,med
1,transport,lo,+routine,Subj120,English,med
2,repay,hi,-routine,Subj120,English,med
4,book,hi,-routine,Subj120,English,med
1,ring,hi,+routine,Subj120,English,med
1,scramble,hi,-routine,Subj120,English,med
5,butcher,med,-routine,Subj121,English,lo
5,demolish,med,-routine,Subj121,English,lo
4,whitewash,med,+routine,Subj121,English,lo
5,replenish,med,-routine,Subj121,English,lo
5,close,med,+routine,Subj121,English,hi
4,wash,med,-routine,Subj121,English,hi
5,roll,med,-routine,Subj121,English,hi
5,taste,med,+routine,Subj121,English,hi
2,butcher,med,-routine,Subj123,English,lo
3,demolish,med,+routine,Subj123,English,lo
2,whitewash,med,+routine,Subj123,English,lo
3,replenish,med,-routine,Subj123,English,lo
2,close,med,+routine,Subj123,English,hi
2,wash,med,+routine,Subj123,English,hi
2,roll,med,-routine,Subj123,English,hi
3,taste,med,+routine,Subj123,English,hi
1,crush,lo,+routine,Subj124,English,med
1,manufacture,lo,-routine,Subj124,English,med
2,distribute,lo,-routine,Subj124,English,med
3,transport,lo,-routine,Subj124,English,med
1,repay,hi,-routine,Subj124,English,med
2,book,hi,+routine,Subj124,English,med
3,ring,hi,-routine,Subj124,English,med
4,scramble,hi,+routine,Subj124,English,med
3,crush,lo,-routine,Subj125,English,med
4,manufacture,lo,+routine,Subj125,English,med
4,distribute,lo,-routine,Subj125,English,med
4,transport,lo,-routine,Subj125,English,med
4,repay,hi,+routine,Subj125,English,med
5,book,hi,+routine,Subj125,English,med
4,ring,hi,-routine,Subj125,English,med
4,scramble,hi,+routine,Subj125,English,med
4,crush,lo,-routine,Subj126,English,med
4,manufacture,lo,+routine,Subj126,English,med
4,distribute,lo,+routine,Subj126,English,med
3,transport,lo,-routine,Subj126,English,med
4,repay,hi,-routine,Subj126,English,med
4,book,hi,+routine,Subj126,English,med
4,ring,hi,+routine,Subj126,English,med
4,scramble,hi,+routine,Subj126,English,med
5,crush,lo,+routine,Subj127,English,med
3,manufacture,lo,-routine,Subj127,English,med
2,distribute,lo,-routine,Subj127,English,med
5,transport,lo,+routine,Subj127,English,med
2,repay,hi,-routine,Subj127,English,med
4,book,hi,-routine,Subj127,English,med
5,ring,hi,+routine,Subj127,English,med
2,scramble,hi,-routine,Subj127,English,med
4,butcher,med,+routine,Subj128,English,lo
4,demolish,med,-routine,Subj128,English,lo
4,whitewash,med,-routine,Subj128,English,lo
4,replenish,med,-routine,Subj128,English,lo
4,close,med,-routine,Subj128,English,hi
4,wash,med,-routine,Subj128,English,hi
4,roll,med,-routine,Subj128,English,hi
4,taste,med,+routine,Subj128,English,hi
4,crush,lo,-routine,Subj129,English,med
2,manufacture,lo,-routine,Subj129,English,med
3,distribute,lo,-routine,Subj129,English,med
3,transport,lo,+routine,Subj129,English,med
3,repay,hi,-routine,Subj129,English,med
4,book,hi,-routine,Subj129,English,med
4,ring,hi,-routine,Subj129,English,med
3,scramble,hi,-routine,Subj129,English,med
4,butcher,med,+routine,Subj130,English,lo
5,demolish,med,+routine,Subj130,English,lo
5,whitewash,med,-routine,Subj130,English,lo
4,replenish,med,+routine,Subj130,English,lo
5,close,med,+routine,Subj130,English,hi
5,wash,med,+routine,Subj130,English,hi
5,roll,med,+routine,Subj130,English,hi
5,taste,med,-routine,Subj130,English,hi
1,crush,lo,+routine,Subj131,English,med
1,manufacture,lo,-routine,Subj131,English,med
1,distribute,lo,-routine,Subj131,English,med
1,transport,lo,+routine,Subj131,English,med
1,repay,hi,-routine,Subj131,English,med
1,book,hi,-routine,Subj131,English,med
1,ring,hi,-routine,Subj131,English,med
1,scramble,hi,+routine,Subj131,English,med
3,crush,lo,+routine,Subj132,English,med
2,manufacture,lo,+routine,Subj132,English,med
3,distribute,lo,-routine,Subj132,English,med
4,transport,lo,+routine,Subj132,English,med
3,repay,hi,+routine,Subj132,English,med
3,book,hi,+routine,Subj132,English,med
4,ring,hi,+routine,Subj132,English,med
1,scramble,hi,-routine,Subj132,English,med
1,crush,lo,+routine,Subj133,English,med
2,manufacture,lo,-routine,Subj133,English,med
3,distribute,lo,+routine,Subj133,English,med
4,transport,lo,+routine,Subj133,English,med
2,repay,hi,-routine,Subj133,English,med
4,book,hi,+routine,Subj133,English,med
1,ring,hi,+routine,Subj133,English,med
2,scramble,hi,+routine,Subj133,English,med
3,butcher,med,-routine,Subj134,English,lo
4,demolish,med,+routine,Subj134,English,lo
4,whitewash,med,-routine,Subj134,English,lo
4,replenish,med,+routine,Subj134,English,lo
4,close,med,+routine,Subj134,English,hi
4,wash,med,+routine,Subj134,English,hi
4,roll,med,+routine,Subj134,English,hi
3,taste,med,-routine,Subj134,English,hi
2,butcher,med,-routine,Subj135,English,lo
2,demolish,med,-routine,Subj135,English,lo
1,whitewash,med,-routine,Subj135,English,lo
1,replenish,med,-routine,Subj135,English,lo
1,close,med,-routine,Subj135,English,hi
3,wash,med,+routine,Subj135,English,hi
3,roll,med,-routine,Subj135,English,hi
2,taste,med,+routine,Subj135,English,hi
3,crush,lo,+routine,Subj136,English,med
2,manufacture,lo,+routine,Subj136,English,med
2,distribute,lo,+routine,Subj136,English,med
2,transport,lo,-routine,Subj136,English,med
4,repay,hi,-routine,Subj136,English,med
3,book,hi,+routine,Subj136,English,med
2,ring,hi,+routine,Subj136,English,med
1,scramble,hi,+routine,Subj136,English,med
5,crush,lo,-routine,Subj137,English,med
5,manufacture,lo,+routine,Subj137,English,med
4,distribute,lo,+routine,Subj137,English,med
4,transport,lo,-routine,Subj137,English,med
4,repay,hi,+routine,Subj137,English,med
5,book,hi,-routine,Subj137,English,med
5,ring,hi,+routine,Subj137,English,med
4,scramble,hi,-routine,Subj137,English,med
1,butcher,med,-routine,Subj138,English,lo
1,demolish,med,-routine,Subj138,English,lo
2,whitewash,med,+routine,Subj138,English,lo
1,replenish,med,-routine,Subj138,English,lo
1,close,med,+routine,Subj138,English,hi
1,wash,med,-routine,Subj138,English,hi
1,roll,med,-routine,Subj138,English,hi
1,taste,med,-routine,Subj138,English,hi
4,butcher,med,-routine,Subj139,English,lo
2,demolish,med,-routine,Subj139,English,lo
4,whitewash,med,+routine,Subj139,English,lo
3,replenish,med,+routine,Subj139,English,lo
3,close,med,-routine,Subj139,English,hi
4,wash,med,-routine,Subj139,English,hi
4,roll,med,+routine,Subj139,English,hi
3,taste,med,-routine,Subj139,English,hi
5,butcher,med,+routine,Subj140,English,lo
2,demolish,med,-routine,Subj140,English,lo
3,whitewash,med,+routine,Subj140,English,lo
1,replenish,med,-routine,Subj140,English,lo
1,close,med,+routine,Subj140,English,hi
1,wash,med,-routine,Subj140,English,hi
1,roll,med,+routine,Subj140,English,hi
1,taste,med,-routine,Subj140,English,hi
2,crush,lo,-routine,Subj141,English,med
4,manufacture,lo,+routine,Subj141,English,med
3,distribute,lo,+routine,Subj141,English,med
4,transport,lo,-routine,Subj141,English,med
1,repay,hi,+routine,Subj141,English,med
3,book,hi,+routine,Subj141,English,med
3,ring,hi,-routine,Subj141,English,med
1,scramble,hi,+routine,Subj141,English,med
5,crush,lo,+routine,Subj142,English,med
5,manufacture,lo,+routine,Subj142,English,med
5,distribute,lo,-routine,Subj142,English,med
5,transport,lo,+routine,Subj142,English,med
5,repay,hi,+routine,Subj142,English,med
5,book,hi,-routine,Subj142,English,med
4,ring,hi,+routine,Subj142,English,med
5,scramble,hi,+routine,Subj142,English,med
3,crush,lo,+routine,Subj143,English,med
4,manufacture,lo,-routine,Subj143,English,med
3,distribute,lo,-routine,Subj143,English,med
5,transport,lo,-routine,Subj143,English,med
3,repay,hi,+routine,Subj143,English,med
4,book,hi,-routine,Subj143,English,med
4,ring,hi,+routine,Subj143,English,med
3,scramble,hi,-routine,Subj143,English,med
2,crush,lo,+routine,Subj144,English,med
3,manufacture,lo,+routine,Subj144,English,med
2,distribute,lo,-routine,Subj144,English,med
4,transport,lo,+routine,Subj144,English,med
3,repay,hi,-routine,Subj144,English,med
3,book,hi,+routine,Subj144,English,med
1,ring,hi,+routine,Subj144,English,med
2,scramble,hi,+routine,Subj144,English,med
1,crush,lo,+routine,Subj145,English,med
4,manufacture,lo,-routine,Subj145,English,med
3,distribute,lo,-routine,Subj145,English,med
4,transport,lo,-routine,Subj145,English,med
5,repay,hi,-routine,Subj145,English,med
4,book,hi,-routine,Subj145,English,med
1,ring,hi,+routine,Subj145,English,med
4,scramble,hi,-routine,Subj145,English,med
4,crush,lo,+routine,Subj146,English,med
5,manufacture,lo,-routine,Subj146,English,med
3,distribute,lo,-routine,Subj146,English,med
2,transport,lo,-routine,Subj146,English,med
2,repay,hi,-routine,Subj146,English,med
2,book,hi,-routine,Subj146,English,med
2,ring,hi,-routine,Subj146,English,med
2,scramble,hi,+routine,Subj146,English,med
2,butcher,med,-routine,Subj147,English,lo
2,demolish,med,-routine,Subj147,English,lo
4,whitewash,med,+routine,Subj147,English,lo
1,replenish,med,-routine,Subj147,English,lo
3,close,med,+routine,Subj147,English,hi
3,wash,med,-routine,Subj147,English,hi
1,roll,med,+routine,Subj147,English,hi
4,taste,med,+routine,Subj147,English,hi
5,butcher,med,-routine,Subj148,English,lo
2,demolish,med,+routine,Subj148,English,lo
4,whitewash,med,-routine,Subj148,English,lo
4,replenish,med,+routine,Subj148,English,lo
4,close,med,+routine,Subj148,English,hi
4,wash,med,-routine,Subj148,English,hi
4,roll,med,-routine,Subj148,English,hi
5,taste,med,+routine,Subj148,English,hi
4,butcher,med,-routine,Subj149,English,lo
3,demolish,med,-routine,Subj149,English,lo
4,whitewash,med,+routine,Subj149,English,lo
3,replenish,med,+routine,Subj149,English,lo
4,close,med,+routine,Subj149,English,hi
4,wash,med,-routine,Subj149,English,hi
4,roll,med,+routine,Subj149,English,hi
3,taste,med,-routine,Subj149,English,hi
3,butcher,med,+routine,Subj150,English,lo
2,demolish,med,-routine,Subj150,English,lo
3,whitewash,med,+routine,Subj150,English,lo
3,replenish,med,-routine,Subj150,English,lo
4,close,med,-routine,Subj150,English,hi
4,wash,med,-routine,Subj150,English,hi
3,roll,med,-routine,Subj150,English,hi
4,taste,med,-routine,Subj150,English,hi
4,crush,lo,+routine,Subj151,English,med
3,manufacture,lo,-routine,Subj151,English,med
4,distribute,lo,+routine,Subj151,English,med
4,transport,lo,-routine,Subj151,English,med
4,repay,hi,+routine,Subj151,English,med
3,book,hi,-routine,Subj151,English,med
3,ring,hi,-routine,Subj151,English,med
4,scramble,hi,-routine,Subj151,English,med
1,butcher,med,+routine,Subj152,English,lo
2,demolish,med,+routine,Subj152,English,lo
3,whitewash,med,+routine,Subj152,English,lo
1,replenish,med,+routine,Subj152,English,lo
4,close,med,+routine,Subj152,English,hi
1,wash,med,+routine,Subj152,English,hi
1,roll,med,-routine,Subj152,English,hi
1,taste,med,+routine,Subj152,English,hi
4,butcher,med,+routine,Subj153,English,lo
4,demolish,med,-routine,Subj153,English,lo
3,whitewash,med,-routine,Subj153,English,lo
2,replenish,med,+routine,Subj153,English,lo
3,close,med,-routine,Subj153,English,hi
3,wash,med,-routine,Subj153,English,hi
4,roll,med,-routine,Subj153,English,hi
3,taste,med,+routine,Subj153,English,hi
2,crush,lo,+routine,Subj154,English,med
2,manufacture,lo,-routine,Subj154,English,med
3,distribute,lo,-routine,Subj154,English,med
2,transport,lo,-routine,Subj154,English,med
3,repay,hi,+routine,Subj154,English,med
4,book,hi,-routine,Subj154,English,med
3,ring,hi,+routine,Subj154,English,med
3,scramble,hi,+routine,Subj154,English,med
3,butcher,med,+routine,Subj156,English,lo
5,demolish,med,+routine,Subj156,English,lo
5,whitewash,med,+routine,Subj156,English,lo
3,replenish,med,-routine,Subj156,English,lo
4,close,med,-routine,Subj156,English,hi
3,wash,med,+routine,Subj156,English,hi
4,roll,med,+routine,Subj156,English,hi
5,taste,med,-routine,Subj156,English,hi
2,crush,lo,+routine,Subj157,English,med
4,manufacture,lo,-routine,Subj157,English,med
3,distribute,lo,+routine,Subj157,English,med
3,transport,lo,+routine,Subj157,English,med
5,repay,hi,+routine,Subj157,English,med
4,book,hi,-routine,Subj157,English,med
2,ring,hi,-routine,Subj157,English,med
5,scramble,hi,+routine,Subj157,English,med
4,butcher,med,+routine,Subj158,English,lo
5,demolish,med,-routine,Subj158,English,lo
3,whitewash,med,-routine,Subj158,English,lo
4,replenish,med,-routine,Subj158,English,lo
5,close,med,-routine,Subj158,English,hi
4,wash,med,-routine,Subj158,English,hi
5,roll,med,-routine,Subj158,English,hi
5,taste,med,+routine,Subj158,English,hi
2,butcher,med,-routine,Subj159,English,lo
1,demolish,med,+routine,Subj159,English,lo
1,whitewash,med,+routine,Subj159,English,lo
1,replenish,med,+routine,Subj159,English,lo
4,close,med,-routine,Subj159,English,hi
3,wash,med,-routine,Subj159,English,hi
2,roll,med,-routine,Subj159,English,hi
1,taste,med,-routine,Subj159,English,hi
1,crush,lo,+routine,Subj160,English,med
1,manufacture,lo,-routine,Subj160,English,med
2,distribute,lo,-routine,Subj160,English,med
1,transport,lo,-routine,Subj160,English,med
2,repay,hi,+routine,Subj160,English,med
2,book,hi,-routine,Subj160,English,med
1,ring,hi,-routine,Subj160,English,med
1,scramble,hi,-routine,Subj160,English,med
2,butcher,med,-routine,Subj161,English,lo
1,demolish,med,-routine,Subj161,English,lo
4,whitewash,med,+routine,Subj161,English,lo
4,replenish,med,+routine,Subj161,English,lo
1,close,med,-routine,Subj161,English,hi
2,wash,med,-routine,Subj161,English,hi
1,roll,med,+routine,Subj161,English,hi
2,taste,med,-routine,Subj161,English,hi
4,crush,lo,-routine,Subj162,English,med
1,manufacture,lo,-routine,Subj162,English,med
4,distribute,lo,+routine,Subj162,English,med
1,transport,lo,-routine,Subj162,English,med
3,repay,hi,+routine,Subj162,English,med
2,book,hi,-routine,Subj162,English,med
2,ring,hi,-routine,Subj162,English,med
1,scramble,hi,+routine,Subj162,English,med
4,butcher,med,+routine,Subj163,English,lo
3,demolish,med,-routine,Subj163,English,lo
3,whitewash,med,+routine,Subj163,English,lo
4,replenish,med,+routine,Subj163,English,lo
2,close,med,+routine,Subj163,English,hi
4,wash,med,+routine,Subj163,English,hi
5,roll,med,+routine,Subj163,English,hi
5,taste,med,+routine,Subj163,English,hi
3,crush,lo,+routine,Subj164,English,med
4,manufacture,lo,+routine,Subj164,English,med
2,distribute,lo,+routine,Subj164,English,med
3,transport,lo,+routine,Subj164,English,med
3,repay,hi,+routine,Subj164,English,med
2,book,hi,+routine,Subj164,English,med
3,ring,hi,+routine,Subj164,English,med
3,scramble,hi,-routine,Subj164,English,med
3,crush,lo,+routine,Subj165,English,med
4,manufacture,lo,-routine,Subj165,English,med
4,distribute,lo,+routine,Subj165,English,med
4,transport,lo,+routine,Subj165,English,med
4,repay,hi,+routine,Subj165,English,med
3,book,hi,+routine,Subj165,English,med
5,ring,hi,+routine,Subj165,English,med
2,scramble,hi,+routine,Subj165,English,med
1,crush,lo,+routine,Subj166,English,med
1,manufacture,lo,+routine,Subj166,English,med
1,distribute,lo,-routine,Subj166,English,med
1,transport,lo,+routine,Subj166,English,med
2,repay,hi,-routine,Subj166,English,med
1,book,hi,-routine,Subj166,English,med
1,ring,hi,-routine,Subj166,English,med
1,scramble,hi,-routine,Subj166,English,med
5,crush,lo,-routine,Subj167,English,med
3,manufacture,lo,-routine,Subj167,English,med
4,distribute,lo,-routine,Subj167,English,med
4,transport,lo,+routine,Subj167,English,med
5,repay,hi,+routine,Subj167,English,med
4,book,hi,+routine,Subj167,English,med
3,ring,hi,+routine,Subj167,English,med
4,scramble,hi,-routine,Subj167,English,med
4,butcher,med,-routine,Subj168,English,lo
4,demolish,med,-routine,Subj168,English,lo
2,whitewash,med,-routine,Subj168,English,lo
3,replenish,med,-routine,Subj168,English,lo
3,close,med,+routine,Subj168,English,hi
2,wash,med,-routine,Subj168,English,hi
1,roll,med,+routine,Subj168,English,hi
1,taste,med,-routine,Subj168,English,hi
1,crush,lo,-routine,Subj169,English,med
3,manufacture,lo,+routine,Subj169,English,med
2,distribute,lo,-routine,Subj169,English,med
3,transport,lo,+routine,Subj169,English,med
2,repay,hi,-routine,Subj169,English,med
2,book,hi,-routine,Subj169,English,med
1,ring,hi,+routine,Subj169,English,med
1,scramble,hi,+routine,Subj169,English,med
3,crush,lo,-routine,Subj170,English,med
1,manufacture,lo,-routine,Subj170,English,med
1,distribute,lo,-routine,Subj170,English,med
1,transport,lo,-routine,Subj170,English,med
1,repay,hi,+routine,Subj170,English,med
2,book,hi,+routine,Subj170,English,med
3,ring,hi,-routine,Subj170,English,med
1,scramble,hi,-routine,Subj170,English,med
1,butcher,med,-routine,Subj171,English,lo
3,demolish,med,-routine,Subj171,English,lo
1,whitewash,med,-routine,Subj171,English,lo
1,replenish,med,-routine,Subj171,English,lo
1,close,med,+routine,Subj171,English,hi
1,wash,med,+routine,Subj171,English,hi
1,roll,med,+routine,Subj171,English,hi
1,taste,med,-routine,Subj171,English,hi
4,butcher,med,+routine,Subj172,English,lo
5,demolish,med,+routine,Subj172,English,lo
4,whitewash,med,-routine,Subj172,English,lo
4,replenish,med,+routine,Subj172,English,lo
4,close,med,+routine,Subj172,English,hi
4,wash,med,+routine,Subj172,English,hi
1,roll,med,-routine,Subj172,English,hi
4,taste,med,-routine,Subj172,English,hi
1,crush,lo,+routine,Subj173,English,med
3,manufacture,lo,-routine,Subj173,English,med
4,distribute,lo,-routine,Subj173,English,med
5,transport,lo,+routine,Subj173,English,med
2,repay,hi,+routine,Subj173,English,med
4,book,hi,-routine,Subj173,English,med
4,ring,hi,-routine,Subj173,English,med
2,scramble,hi,-routine,Subj173,English,med
4,butcher,med,+routine,Subj174,English,lo
3,demolish,med,+routine,Subj174,English,lo
3,whitewash,med,+routine,Subj174,English,lo
2,replenish,med,-routine,Subj174,English,lo
4,close,med,+routine,Subj174,English,hi
2,wash,med,+routine,Subj174,English,hi
1,roll,med,-routine,Subj174,English,hi
2,taste,med,+routine,Subj174,English,hi
5,butcher,med,+routine,Subj175,English,lo
5,demolish,med,+routine,Subj175,English,lo
4,whitewash,med,+routine,Subj175,English,lo
4,replenish,med,-routine,Subj175,English,lo
4,close,med,-routine,Subj175,English,hi
4,wash,med,-routine,Subj175,English,hi
2,roll,med,+routine,Subj175,English,hi
4,taste,med,+routine,Subj175,English,hi
3,butcher,med,+routine,Subj176,English,lo
3,demolish,med,-routine,Subj176,English,lo
4,whitewash,med,-routine,Subj176,English,lo
2,replenish,med,+routine,Subj176,English,lo
4,close,med,-routine,Subj176,English,hi
3,wash,med,-routine,Subj176,English,hi
3,roll,med,+routine,Subj176,English,hi
4,taste,med,-routine,Subj176,English,hi
1,crush,lo,+routine,Subj177,English,med
2,manufacture,lo,+routine,Subj177,English,med
1,distribute,lo,+routine,Subj177,English,med
2,transport,lo,+routine,Subj177,English,med
1,repay,hi,+routine,Subj177,English,med
2,book,hi,+routine,Subj177,English,med
1,ring,hi,+routine,Subj177,English,med
1,scramble,hi,+routine,Subj177,English,med
3,crush,lo,+routine,Subj178,English,med
1,manufacture,lo,-routine,Subj178,English,med
2,distribute,lo,+routine,Subj178,English,med
1,transport,lo,-routine,Subj178,English,med
4,repay,hi,+routine,Subj178,English,med
4,book,hi,-routine,Subj178,English,med
2,ring,hi,+routine,Subj178,English,med
2,scramble,hi,+routine,Subj178,English,med
3,butcher,med,+routine,Subj179,English,lo
4,demolish,med,-routine,Subj179,English,lo
5,whitewash,med,+routine,Subj179,English,lo
5,replenish,med,+routine,Subj179,English,lo
3,close,med,-routine,Subj179,English,hi
4,wash,med,-routine,Subj179,English,hi
2,roll,med,-routine,Subj179,English,hi
4,taste,med,-routine,Subj179,English,hi
4,crush,lo,-routine,Subj180,English,med
4,manufacture,lo,-routine,Subj180,English,med
3,distribute,lo,+routine,Subj180,English,med
4,transport,lo,+routine,Subj180,English,med
5,repay,hi,-routine,Subj180,English,med
4,book,hi,+routine,Subj180,English,med
3,ring,hi,+routine,Subj180,English,med
5,scramble,hi,+routine,Subj180,English,med
5,butcher,med,-routine,Subj181,English,lo
5,demolish,med,-routine,Subj181,English,lo
4,whitewash,med,-routine,Subj181,English,lo
4,replenish,med,-routine,Subj181,English,lo
3,close,med,+routine,Subj181,English,hi
3,wash,med,-routine,Subj181,English,hi
3,roll,med,-routine,Subj181,English,hi
4,taste,med,-routine,Subj181,English,hi
4,crush,lo,-routine,Subj182,English,med
4,manufacture,lo,-routine,Subj182,English,med
3,distribute,lo,-routine,Subj182,English,med
5,transport,lo,+routine,Subj182,English,med
4,repay,hi,+routine,Subj182,English,med
3,book,hi,+routine,Subj182,English,med
5,ring,hi,+routine,Subj182,English,med
4,scramble,hi,-routine,Subj182,English,med
4,butcher,med,+routine,Subj183,English,lo
3,demolish,med,-routine,Subj183,English,lo
4,whitewash,med,-routine,Subj183,English,lo
4,replenish,med,-routine,Subj183,English,lo
1,close,med,+routine,Subj183,English,hi
3,wash,med,-routine,Subj183,English,hi
5,roll,med,+routine,Subj183,English,hi
4,taste,med,-routine,Subj183,English,hi
1,butcher,med,+routine,Subj184,English,lo
2,demolish,med,+routine,Subj184,English,lo
2,whitewash,med,-routine,Subj184,English,lo
2,replenish,med,+routine,Subj184,English,lo
1,close,med,+routine,Subj184,English,hi
1,wash,med,-routine,Subj184,English,hi
1,roll,med,-routine,Subj184,English,hi
1,taste,med,+routine,Subj184,English,hi
1,crush,lo,-routine,Subj185,English,med
1,manufacture,lo,+routine,Subj185,English,med
1,distribute,lo,-routine,Subj185,English,med
4,transport,lo,+routine,Subj185,English,med
1,repay,hi,+routine,Subj185,English,med
3,book,hi,+routine,Subj185,English,med
1,ring,hi,-routine,Subj185,English,med
1,scramble,hi,-routine,Subj185,English,med
3,butcher,med,+routine,Subj186,English,lo
2,demolish,med,-routine,Subj186,English,lo
2,whitewash,med,+routine,Subj186,English,lo
2,replenish,med,+routine,Subj186,English,lo
1,close,med,+routine,Subj186,English,hi
2,wash,med,+routine,Subj186,English,hi
1,roll,med,-routine,Subj186,English,hi
2,taste,med,-routine,Subj186,English,hi
1,crush,lo,+routine,Subj187,English,med
1,manufacture,lo,-routine,Subj187,English,med
1,distribute,lo,-routine,Subj187,English,med
1,transport,lo,-routine,Subj187,English,med
2,repay,hi,-routine,Subj187,English,med
3,book,hi,+routine,Subj187,English,med
1,ring,hi,-routine,Subj187,English,med
1,scramble,hi,-routine,Subj187,English,med
5,crush,lo,-routine,Subj188,English,med
5,manufacture,lo,+routine,Subj188,English,med
3,distribute,lo,+routine,Subj188,English,med
4,transport,lo,-routine,Subj188,English,med
5,repay,hi,+routine,Subj188,English,med
3,book,hi,+routine,Subj188,English,med
5,ring,hi,-routine,Subj188,English,med
3,scramble,hi,-routine,Subj188,English,med
1,crush,lo,-routine,Subj189,English,med
1,manufacture,lo,+routine,Subj189,English,med
1,distribute,lo,-routine,Subj189,English,med
1,transport,lo,+routine,Subj189,English,med
1,repay,hi,-routine,Subj189,English,med
2,book,hi,-routine,Subj189,English,med
1,ring,hi,-routine,Subj189,English,med
1,scramble,hi,+routine,Subj189,English,med
5,butcher,med,+routine,Subj190,English,lo
4,demolish,med,-routine,Subj190,English,lo
5,whitewash,med,-routine,Subj190,English,lo
4,replenish,med,-routine,Subj190,English,lo
4,close,med,+routine,Subj190,English,hi
5,wash,med,-routine,Subj190,English,hi
4,roll,med,-routine,Subj190,English,hi
4,taste,med,-routine,Subj190,English,hi
3,butcher,med,-routine,Subj191,English,lo
2,demolish,med,-routine,Subj191,English,lo
4,whitewash,med,+routine,Subj191,English,lo
1,replenish,med,-routine,Subj191,English,lo
3,close,med,+routine,Subj191,English,hi
2,wash,med,-routine,Subj191,English,hi
3,roll,med,-routine,Subj191,English,hi
2,taste,med,-routine,Subj191,English,hi
2,butcher,med,-routine,Subj192,English,lo
3,demolish,med,-routine,Subj192,English,lo
1,whitewash,med,-routine,Subj192,English,lo
2,replenish,med,-routine,Subj192,English,lo
1,close,med,-routine,Subj192,English,hi
4,wash,med,-routine,Subj192,English,hi
4,roll,med,+routine,Subj192,English,hi
1,taste,med,+routine,Subj192,English,hi
1,butcher,med,+routine,Subj193,English,lo
4,demolish,med,-routine,Subj193,English,lo
3,whitewash,med,+routine,Subj193,English,lo
1,replenish,med,-routine,Subj193,English,lo
1,close,med,+routine,Subj193,English,hi
4,wash,med,-routine,Subj193,English,hi
1,roll,med,-routine,Subj193,English,hi
2,taste,med,+routine,Subj193,English,hi
2,crush,lo,-routine,Subj194,English,med
1,manufacture,lo,+routine,Subj194,English,med
1,distribute,lo,-routine,Subj194,English,med
1,transport,lo,-routine,Subj194,English,med
1,repay,hi,+routine,Subj194,English,med
3,book,hi,-routine,Subj194,English,med
1,ring,hi,-routine,Subj194,English,med
1,scramble,hi,-routine,Subj194,English,med
5,butcher,med,-routine,Subj195,English,lo
4,demolish,med,+routine,Subj195,English,lo
4,whitewash,med,-routine,Subj195,English,lo
4,replenish,med,-routine,Subj195,English,lo
3,close,med,+routine,Subj195,English,hi
3,wash,med,+routine,Subj195,English,hi
4,roll,med,+routine,Subj195,English,hi
4,taste,med,-routine,Subj195,English,hi
2,butcher,med,-routine,Subj196,English,lo
3,demolish,med,+routine,Subj196,English,lo
2,whitewash,med,-routine,Subj196,English,lo
1,replenish,med,-routine,Subj196,English,lo
1,close,med,-routine,Subj196,English,hi
2,wash,med,+routine,Subj196,English,hi
2,roll,med,+routine,Subj196,English,hi
1,taste,med,-routine,Subj196,English,hi
1,butcher,med,-routine,Subj197,English,lo
2,demolish,med,+routine,Subj197,English,lo
3,whitewash,med,+routine,Subj197,English,lo
1,replenish,med,+routine,Subj197,English,lo
2,close,med,+routine,Subj197,English,hi
1,wash,med,-routine,Subj197,English,hi
1,roll,med,-routine,Subj197,English,hi
1,taste,med,+routine,Subj197,English,hi
3,crush,lo,+routine,Subj198,English,med
1,manufacture,lo,-routine,Subj198,English,med
3,distribute,lo,+routine,Subj198,English,med
1,transport,lo,-routine,Subj198,English,med
3,repay,hi,-routine,Subj198,English,med
1,book,hi,-routine,Subj198,English,med
1,ring,hi,-routine,Subj198,English,med
4,scramble,hi,-routine,Subj198,English,med
3,crush,lo,-routine,Subj199,English,med
1,manufacture,lo,-routine,Subj199,English,med
1,distribute,lo,-routine,Subj199,English,med
1,transport,lo,-routine,Subj199,English,med
1,repay,hi,-routine,Subj199,English,med
1,book,hi,+routine,Subj199,English,med
1,ring,hi,-routine,Subj199,English,med
1,scramble,hi,-routine,Subj199,English,med
2,butcher,med,+routine,Subj200,English,lo
2,demolish,med,-routine,Subj200,English,lo
2,whitewash,med,+routine,Subj200,English,lo
4,replenish,med,-routine,Subj200,English,lo
3,close,med,-routine,Subj200,English,hi
2,wash,med,-routine,Subj200,English,hi
1,roll,med,-routine,Subj200,English,hi
1,taste,med,+routine,Subj200,English,hi
4,butcher,med,+routine,Subj201,English,lo
2,demolish,med,-routine,Subj201,English,lo
5,whitewash,med,+routine,Subj201,English,lo
1,replenish,med,-routine,Subj201,English,lo
1,close,med,+routine,Subj201,English,hi
2,wash,med,-routine,Subj201,English,hi
1,roll,med,-routine,Subj201,English,hi
1,taste,med,-routine,Subj201,English,hi
3,crush,lo,+routine,Subj202,English,med
4,manufacture,lo,-routine,Subj202,English,med
2,distribute,lo,+routine,Subj202,English,med
3,transport,lo,+routine,Subj202,English,med
2,repay,hi,-routine,Subj202,English,med
3,book,hi,-routine,Subj202,English,med
4,ring,hi,+routine,Subj202,English,med
4,scramble,hi,+routine,Subj202,English,med
1,butcher,med,-routine,Subj203,English,lo
2,demolish,med,+routine,Subj203,English,lo
3,whitewash,med,-routine,Subj203,English,lo
1,replenish,med,+routine,Subj203,English,lo
5,close,med,+routine,Subj203,English,hi
2,wash,med,+routine,Subj203,English,hi
2,roll,med,+routine,Subj203,English,hi
2,taste,med,-routine,Subj203,English,hi
3,butcher,med,-routine,Subj204,English,lo
2,demolish,med,-routine,Subj204,English,lo
5,whitewash,med,+routine,Subj204,English,lo
4,replenish,med,+routine,Subj204,English,lo
4,close,med,+routine,Subj204,English,hi
2,wash,med,+routine,Subj204,English,hi
2,roll,med,+routine,Subj204,English,hi
2,taste,med,-routine,Subj204,English,hi
4,crush,lo,+routine,Subj205,English,med
2,manufacture,lo,-routine,Subj205,English,med
4,distribute,lo,-routine,Subj205,English,med
4,transport,lo,+routine,Subj205,English,med
3,repay,hi,+routine,Subj205,English,med
2,book,hi,+routine,Subj205,English,med
3,ring,hi,-routine,Subj205,English,med
4,scramble,hi,-routine,Subj205,English,med
2,crush,lo,+routine,Subj206,English,med
3,manufacture,lo,+routine,Subj206,English,med
4,distribute,lo,+routine,Subj206,English,med
4,transport,lo,+routine,Subj206,English,med
2,repay,hi,+routine,Subj206,English,med
2,book,hi,-routine,Subj206,English,med
3,ring,hi,-routine,Subj206,English,med
3,scramble,hi,-routine,Subj206,English,med
3,butcher,med,+routine,Subj207,English,lo
3,demolish,med,-routine,Subj207,English,lo
5,whitewash,med,+routine,Subj207,English,lo
3,replenish,med,+routine,Subj207,English,lo
4,close,med,+routine,Subj207,English,hi
3,wash,med,-routine,Subj207,English,hi
4,roll,med,-routine,Subj207,English,hi
4,taste,med,+routine,Subj207,English,hi
4,crush,lo,+routine,Subj208,English,med
4,manufacture,lo,-routine,Subj208,English,med
3,distribute,lo,-routine,Subj208,English,med
2,transport,lo,-routine,Subj208,English,med
3,repay,hi,-routine,Subj208,English,med
3,book,hi,+routine,Subj208,English,med
4,ring,hi,+routine,Subj208,English,med
3,scramble,hi,+routine,Subj208,English,med
4,butcher,med,+routine,Subj209,English,lo
4,demolish,med,-routine,Subj209,English,lo
4,whitewash,med,+routine,Subj209,English,lo
4,replenish,med,-routine,Subj209,English,lo
4,close,med,+routine,Subj209,English,hi
3,wash,med,+routine,Subj209,English,hi
3,roll,med,-routine,Subj209,English,hi
4,taste,med,+routine,Subj209,English,hi
1,crush,lo,-routine,Subj210,English,med
2,manufacture,lo,+routine,Subj210,English,med
4,distribute,lo,-routine,Subj210,English,med
1,transport,lo,+routine,Subj210,English,med
5,repay,hi,+routine,Subj210,English,med
5,book,hi,+routine,Subj210,English,med
1,ring,hi,+routine,Subj210,English,med
1,scramble,hi,-routine,Subj210,English,med
5,butcher,med,-routine,Subj211,English,lo
4,demolish,med,+routine,Subj211,English,lo
4,whitewash,med,+routine,Subj211,English,lo
5,replenish,med,-routine,Subj211,English,lo
3,close,med,-routine,Subj211,English,hi
5,wash,med,+routine,Subj211,English,hi
5,roll,med,-routine,Subj211,English,hi
5,taste,med,+routine,Subj211,English,hi
4,butcher,med,-routine,Subj212,English,lo
5,demolish,med,+routine,Subj212,English,lo
5,whitewash,med,+routine,Subj212,English,lo
4,replenish,med,+routine,Subj212,English,lo
5,close,med,-routine,Subj212,English,hi
5,wash,med,-routine,Subj212,English,hi
5,roll,med,-routine,Subj212,English,hi
5,taste,med,-routine,Subj212,English,hi
1,butcher,med,-routine,Subj213,English,lo
2,demolish,med,+routine,Subj213,English,lo
3,whitewash,med,+routine,Subj213,English,lo
1,replenish,med,-routine,Subj213,English,lo
4,close,med,-routine,Subj213,English,hi
1,wash,med,-routine,Subj213,English,hi
1,roll,med,+routine,Subj213,English,hi
2,taste,med,+routine,Subj213,English,hi
1,crush,lo,-routine,Subj214,English,med
1,manufacture,lo,-routine,Subj214,English,med
1,distribute,lo,-routine,Subj214,English,med
1,transport,lo,+routine,Subj214,English,med
3,repay,hi,+routine,Subj214,English,med
5,book,hi,+routine,Subj214,English,med
4,ring,hi,+routine,Subj214,English,med
1,scramble,hi,-routine,Subj214,English,med
3,butcher,med,+routine,Subj215,English,lo
2,demolish,med,+routine,Subj215,English,lo
3,whitewash,med,-routine,Subj215,English,lo
5,replenish,med,-routine,Subj215,English,lo
4,close,med,-routine,Subj215,English,hi
3,wash,med,+routine,Subj215,English,hi
4,roll,med,+routine,Subj215,English,hi
5,taste,med,-routine,Subj215,English,hi
3,butcher,med,-routine,Subj216,English,lo
3,demolish,med,+routine,Subj216,English,lo
4,whitewash,med,-routine,Subj216,English,lo
4,replenish,med,+routine,Subj216,English,lo
4,close,med,-routine,Subj216,English,hi
4,wash,med,+routine,Subj216,English,hi
3,roll,med,+routine,Subj216,English,hi
4,taste,med,+routine,Subj216,English,hi
1,butcher,med,+routine,Subj217,English,lo
2,demolish,med,-routine,Subj217,English,lo
4,whitewash,med,+routine,Subj217,English,lo
1,replenish,med,-routine,Subj217,English,lo
4,close,med,-routine,Subj217,English,hi
1,wash,med,+routine,Subj217,English,hi
1,roll,med,-routine,Subj217,English,hi
3,taste,med,-routine,Subj217,English,hi
3,crush,lo,-routine,Subj218,English,med
1,manufacture,lo,-routine,Subj218,English,med
5,distribute,lo,+routine,Subj218,English,med
3,transport,lo,-routine,Subj218,English,med
4,repay,hi,+routine,Subj218,English,med
1,book,hi,-routine,Subj218,English,med
1,ring,hi,-routine,Subj218,English,med
4,scramble,hi,-routine,Subj218,English,med
5,butcher,med,-routine,Subj219,English,lo
5,demolish,med,-routine,Subj219,English,lo
5,whitewash,med,-routine,Subj219,English,lo
5,replenish,med,+routine,Subj219,English,lo
5,close,med,-routine,Subj219,English,hi
5,wash,med,+routine,Subj219,English,hi
5,roll,med,+routine,Subj219,English,hi
5,taste,med,+routine,Subj219,English,hi
4,crush,lo,+routine,Subj220,English,med
4,manufacture,lo,+routine,Subj220,English,med
4,distribute,lo,-routine,Subj220,English,med
4,transport,lo,+routine,Subj220,English,med
4,repay,hi,-routine,Subj220,English,med
4,book,hi,-routine,Subj220,English,med
4,ring,hi,+routine,Subj220,English,med
4,scramble,hi,-routine,Subj220,English,med
3,butcher,med,+routine,Subj221,English,lo
4,demolish,med,+routine,Subj221,English,lo
4,whitewash,med,+routine,Subj221,English,lo
4,replenish,med,+routine,Subj221,English,lo
5,close,med,-routine,Subj221,English,hi
4,wash,med,+routine,Subj221,English,hi
3,roll,med,-routine,Subj221,English,hi
4,taste,med,+routine,Subj221,English,hi
5,crush,lo,+routine,Subj222,English,med
4,manufacture,lo,-routine,Subj222,English,med
4,distribute,lo,+routine,Subj222,English,med
3,transport,lo,+routine,Subj222,English,med
3,repay,hi,-routine,Subj222,English,med
4,book,hi,-routine,Subj222,English,med
4,ring,hi,-routine,Subj222,English,med
4,scramble,hi,-routine,Subj222,English,med
1,butcher,med,+routine,Subj223,English,lo
2,demolish,med,+routine,Subj223,English,lo
3,whitewash,med,+routine,Subj223,English,lo
1,replenish,med,-routine,Subj223,English,lo
1,close,med,+routine,Subj223,English,hi
2,wash,med,-routine,Subj223,English,hi
1,roll,med,-routine,Subj223,English,hi
1,taste,med,+routine,Subj223,English,hi
2,butcher,med,+routine,Subj224,English,lo
1,demolish,med,+routine,Subj224,English,lo
3,whitewash,med,-routine,Subj224,English,lo
1,replenish,med,-routine,Subj224,English,lo
1,close,med,-routine,Subj224,English,hi
1,wash,med,-routine,Subj224,English,hi
2,roll,med,+routine,Subj224,English,hi
3,taste,med,+routine,Subj224,English,hi
2,crush,lo,-routine,Subj225,English,med
5,manufacture,lo,+routine,Subj225,English,med
5,distribute,lo,-routine,Subj225,English,med
5,transport,lo,-routine,Subj225,English,med
2,repay,hi,-routine,Subj225,English,med
5,book,hi,+routine,Subj225,English,med
5,ring,hi,-routine,Subj225,English,med
5,scramble,hi,-routine,Subj225,English,med
1,crush,lo,+routine,Subj226,English,med
3,manufacture,lo,-routine,Subj226,English,med
3,distribute,lo,+routine,Subj226,English,med
1,transport,lo,+routine,Subj226,English,med
2,repay,hi,+routine,Subj226,English,med
2,book,hi,+routine,Subj226,English,med
1,ring,hi,+routine,Subj226,English,med
5,scramble,hi,+routine,Subj226,English,med
3,crush,lo,-routine,Subj227,English,med
3,manufacture,lo,-routine,Subj227,English,med
3,distribute,lo,-routine,Subj227,English,med
4,transport,lo,-routine,Subj227,English,med
5,repay,hi,+routine,Subj227,English,med
5,book,hi,+routine,Subj227,English,med
3,ring,hi,+routine,Subj227,English,med
5,scramble,hi,-routine,Subj227,English,med
1,crush,lo,+routine,Subj228,English,med
1,manufacture,lo,+routine,Subj228,English,med
1,distribute,lo,-routine,Subj228,English,med
2,transport,lo,+routine,Subj228,English,med
2,repay,hi,+routine,Subj228,English,med
4,book,hi,-routine,Subj228,English,med
2,ring,hi,+routine,Subj228,English,med
1,scramble,hi,+routine,Subj228,English,med
3,butcher,med,+routine,Subj229,English,lo
2,demolish,med,-routine,Subj229,English,lo
2,whitewash,med,+routine,Subj229,English,lo
1,replenish,med,+routine,Subj229,English,lo
5,close,med,+routine,Subj229,English,hi
1,wash,med,+routine,Subj229,English,hi
1,roll,med,-routine,Subj229,English,hi
1,taste,med,+routine,Subj229,English,hi
2,crush,lo,+routine,Subj230,English,med
2,manufacture,lo,+routine,Subj230,English,med
3,distribute,lo,-routine,Subj230,English,med
1,transport,lo,-routine,Subj230,English,med
2,repay,hi,+routine,Subj230,English,med
4,book,hi,+routine,Subj230,English,med
2,ring,hi,-routine,Subj230,English,med
1,scramble,hi,+routine,Subj230,English,med
3,butcher,med,+routine,Subj231,English,lo
3,demolish,med,-routine,Subj231,English,lo
3,whitewash,med,+routine,Subj231,English,lo
2,replenish,med,-routine,Subj231,English,lo
3,close,med,+routine,Subj231,English,hi
3,wash,med,+routine,Subj231,English,hi
2,roll,med,-routine,Subj231,English,hi
4,taste,med,-routine,Subj231,English,hi
1,crush,lo,+routine,Subj232,English,med
4,manufacture,lo,-routine,Subj232,English,med
1,distribute,lo,+routine,Subj232,English,med
1,transport,lo,+routine,Subj232,English,med
2,repay,hi,+routine,Subj232,English,med
1,book,hi,-routine,Subj232,English,med
1,ring,hi,-routine,Subj232,English,med
1,scramble,hi,+routine,Subj232,English,med
1,crush,lo,+routine,Subj233,English,med
2,manufacture,lo,-routine,Subj233,English,med
2,distribute,lo,+routine,Subj233,English,med
1,transport,lo,-routine,Subj233,English,med
1,repay,hi,-routine,Subj233,English,med
2,book,hi,-routine,Subj233,English,med
2,ring,hi,-routine,Subj233,English,med
1,scramble,hi,+routine,Subj233,English,med
1,crush,lo,-routine,Subj234,English,med
4,manufacture,lo,+routine,Subj234,English,med
4,distribute,lo,+routine,Subj234,English,med
2,transport,lo,-routine,Subj234,English,med
1,repay,hi,+routine,Subj234,English,med
4,book,hi,-routine,Subj234,English,med
1,ring,hi,-routine,Subj234,English,med
4,scramble,hi,-routine,Subj234,English,med
5,butcher,med,+routine,Subj235,English,lo
4,demolish,med,+routine,Subj235,English,lo
4,whitewash,med,+routine,Subj235,English,lo
5,replenish,med,+routine,Subj235,English,lo
4,close,med,-routine,Subj235,English,hi
4,wash,med,+routine,Subj235,English,hi
4,roll,med,+routine,Subj235,English,hi
5,taste,med,+routine,Subj235,English,hi
2,butcher,med,-routine,Subj236,English,lo
1,demolish,med,-routine,Subj236,English,lo
3,whitewash,med,+routine,Subj236,English,lo
2,replenish,med,-routine,Subj236,English,lo
3,close,med,+routine,Subj236,English,hi
1,wash,med,-routine,Subj236,English,hi
2,roll,med,-routine,Subj236,English,hi
2,taste,med,-routine,Subj236,English,hi
3,crush,lo,+routine,Subj237,English,med
4,manufacture,lo,-routine,Subj237,English,med
4,distribute,lo,-routine,Subj237,English,med
2,transport,lo,+routine,Subj237,English,med
3,repay,hi,-routine,Subj237,English,med
4,book,hi,-routine,Subj237,English,med
3,ring,hi,+routine,Subj237,English,med
2,scramble,hi,-routine,Subj237,English,med
4,butcher,med,-routine,Subj238,English,lo
5,demolish,med,+routine,Subj238,English,lo
3,whitewash,med,+routine,Subj238,English,lo
2,replenish,med,+routine,Subj238,English,lo
3,close,med,-routine,Subj238,English,hi
3,wash,med,+routine,Subj238,English,hi
3,roll,med,+routine,Subj238,English,hi
3,taste,med,-routine,Subj238,English,hi
2,crush,lo,-routine,Subj239,English,med
2,manufacture,lo,-routine,Subj239,English,med
3,distribute,lo,-routine,Subj239,English,med
2,transport,lo,+routine,Subj239,English,med
2,repay,hi,+routine,Subj239,English,med
4,book,hi,+routine,Subj239,English,med
4,ring,hi,-routine,Subj239,English,med
1,scramble,hi,-routine,Subj239,English,med
2,butcher,med,-routine,Subj240,English,lo
3,demolish,med,+routine,Subj240,English,lo
3,whitewash,med,+routine,Subj240,English,lo
1,replenish,med,+routine,Subj240,English,lo
1,close,med,+routine,Subj240,English,hi
2,wash,med,+routine,Subj240,English,hi
1,roll,med,-routine,Subj240,English,hi
1,taste,med,-routine,Subj240,English,hi
4,butcher,med,+routine,Subj241,English,lo
3,demolish,med,-routine,Subj241,English,lo
4,whitewash,med,-routine,Subj241,English,lo
3,replenish,med,-routine,Subj241,English,lo
3,close,med,-routine,Subj241,English,hi
4,wash,med,-routine,Subj241,English,hi
4,roll,med,+routine,Subj241,English,hi
4,taste,med,+routine,Subj241,English,hi
1,crush,lo,+routine,Subj242,English,med
1,manufacture,lo,+routine,Subj242,English,med
1,distribute,lo,-routine,Subj242,English,med
1,transport,lo,+routine,Subj242,English,med
1,repay,hi,-routine,Subj242,English,med
1,book,hi,+routine,Subj242,English,med
3,ring,hi,+routine,Subj242,English,med
1,scramble,hi,+routine,Subj242,English,med
2,butcher,med,+routine,Subj243,English,lo
1,demolish,med,-routine,Subj243,English,lo
4,whitewash,med,-routine,Subj243,English,lo
1,replenish,med,+routine,Subj243,English,lo
5,close,med,+routine,Subj243,English,hi
1,wash,med,-routine,Subj243,English,hi
1,roll,med,+routine,Subj243,English,hi
1,taste,med,-routine,Subj243,English,hi
5,crush,lo,+routine,Subj244,English,med
5,manufacture,lo,-routine,Subj244,English,med
4,distribute,lo,-routine,Subj244,English,med
5,transport,lo,-routine,Subj244,English,med
4,repay,hi,+routine,Subj244,English,med
5,book,hi,+routine,Subj244,English,med
5,ring,hi,+routine,Subj244,English,med
5,scramble,hi,+routine,Subj244,English,med
3,butcher,med,-routine,Subj245,English,lo
4,demolish,med,+routine,Subj245,English,lo
4,whitewash,med,-routine,Subj245,English,lo
3,replenish,med,-routine,Subj245,English,lo
2,close,med,+routine,Subj245,English,hi
4,wash,med,+routine,Subj245,English,hi
4,roll,med,-routine,Subj245,English,hi
3,taste,med,+routine,Subj245,English,hi
1,crush,lo,+routine,Subj246,English,med
2,manufacture,lo,+routine,Subj246,English,med
2,distribute,lo,-routine,Subj246,English,med
2,transport,lo,-routine,Subj246,English,med
1,repay,hi,-routine,Subj246,English,med
1,book,hi,-routine,Subj246,English,med
1,ring,hi,+routine,Subj246,English,med
1,scramble,hi,-routine,Subj246,English,med
3,crush,lo,+routine,Subj247,English,med
5,manufacture,lo,+routine,Subj247,English,med
3,distribute,lo,+routine,Subj247,English,med
4,transport,lo,+routine,Subj247,English,med
3,repay,hi,+routine,Subj247,English,med
4,book,hi,+routine,Subj247,English,med
3,ring,hi,+routine,Subj247,English,med
4,scramble,hi,+routine,Subj247,English,med
4,butcher,med,-routine,Subj248,English,lo
3,demolish,med,-routine,Subj248,English,lo
3,whitewash,med,-routine,Subj248,English,lo
1,replenish,med,+routine,Subj248,English,lo
4,close,med,+routine,Subj248,English,hi
3,wash,med,+routine,Subj248,English,hi
2,roll,med,-routine,Subj248,English,hi
2,taste,med,-routine,Subj248,English,hi
5,butcher,med,+routine,Subj249,English,lo
3,demolish,med,-routine,Subj249,English,lo
4,whitewash,med,+routine,Subj249,English,lo
3,replenish,med,-routine,Subj249,English,lo
5,close,med,+routine,Subj249,English,hi
5,wash,med,+routine,Subj249,English,hi
3,roll,med,+routine,Subj249,English,hi
5,taste,med,+routine,Subj249,English,hi
4,butcher,med,+routine,Subj250,English,lo
4,demolish,med,-routine,Subj250,English,lo
4,whitewash,med,+routine,Subj250,English,lo
4,replenish,med,+routine,Subj250,English,lo
4,close,med,-routine,Subj250,English,hi
4,wash,med,-routine,Subj250,English,hi
4,roll,med,+routine,Subj250,English,hi
4,taste,med,+routine,Subj250,English,hi
3,crush,lo,-routine,Subj251,English,med
4,manufacture,lo,+routine,Subj251,English,med
4,distribute,lo,-routine,Subj251,English,med
4,transport,lo,-routine,Subj251,English,med
3,repay,hi,+routine,Subj251,English,med
4,book,hi,-routine,Subj251,English,med
4,ring,hi,-routine,Subj251,English,med
4,scramble,hi,+routine,Subj251,English,med
5,butcher,med,-routine,Subj252,English,lo
5,demolish,med,+routine,Subj252,English,lo
4,whitewash,med,+routine,Subj252,English,lo
4,replenish,med,+routine,Subj252,English,lo
3,close,med,+routine,Subj252,English,hi
5,wash,med,+routine,Subj252,English,hi
5,roll,med,-routine,Subj252,English,hi
4,taste,med,-routine,Subj252,English,hi
5,crush,lo,-routine,Subj253,English,med
5,manufacture,lo,+routine,Subj253,English,med
5,distribute,lo,+routine,Subj253,English,med
4,transport,lo,+routine,Subj253,English,med
4,repay,hi,-routine,Subj253,English,med
4,book,hi,-routine,Subj253,English,med
4,ring,hi,+routine,Subj253,English,med
4,scramble,hi,+routine,Subj253,English,med
4,butcher,med,+routine,Subj254,English,lo
5,demolish,med,+routine,Subj254,English,lo
4,whitewash,med,-routine,Subj254,English,lo
4,replenish,med,+routine,Subj254,English,lo
3,close,med,-routine,Subj254,English,hi
5,wash,med,+routine,Subj254,English,hi
3,roll,med,-routine,Subj254,English,hi
3,taste,med,+routine,Subj254,English,hi
5,crush,lo,+routine,Subj255,English,med
5,manufacture,lo,+routine,Subj255,English,med
4,distribute,lo,-routine,Subj255,English,med
5,transport,lo,+routine,Subj255,English,med
5,repay,hi,-routine,Subj255,English,med
5,book,hi,+routine,Subj255,English,med
4,ring,hi,+routine,Subj255,English,med
4,scramble,hi,+routine,Subj255,English,med
4,butcher,med,+routine,Subj256,English,lo
5,demolish,med,+routine,Subj256,English,lo
4,whitewash,med,+routine,Subj256,English,lo
3,replenish,med,+routine,Subj256,English,lo
5,close,med,+routine,Subj256,English,hi
5,wash,med,+routine,Subj256,English,hi
4,roll,med,-routine,Subj256,English,hi
1,taste,med,-routine,Subj256,English,hi
5,butcher,med,+routine,Subj257,English,lo
5,demolish,med,-routine,Subj257,English,lo
5,whitewash,med,+routine,Subj257,English,lo
4,replenish,med,-routine,Subj257,English,lo
5,close,med,+routine,Subj257,English,hi
5,wash,med,+routine,Subj257,English,hi
4,roll,med,-routine,Subj257,English,hi
4,taste,med,+routine,Subj257,English,hi
3,crush,lo,-routine,Subj258,English,med
2,manufacture,lo,-routine,Subj258,English,med
2,distribute,lo,+routine,Subj258,English,med
2,transport,lo,+routine,Subj258,English,med
4,repay,hi,-routine,Subj258,English,med
3,book,hi,-routine,Subj258,English,med
4,ring,hi,-routine,Subj258,English,med
2,scramble,hi,+routine,Subj258,English,med
3,crush,lo,-routine,Subj259,English,med
4,manufacture,lo,+routine,Subj259,English,med
3,distribute,lo,+routine,Subj259,English,med
3,transport,lo,+routine,Subj259,English,med
4,repay,hi,-routine,Subj259,English,med
4,book,hi,+routine,Subj259,English,med
3,ring,hi,-routine,Subj259,English,med
4,scramble,hi,-routine,Subj259,English,med
1,butcher,med,-routine,Subj260,English,lo
1,demolish,med,+routine,Subj260,English,lo
1,whitewash,med,+routine,Subj260,English,lo
1,replenish,med,-routine,Subj260,English,lo
1,close,med,-routine,Subj260,English,hi
1,wash,med,+routine,Subj260,English,hi
1,roll,med,+routine,Subj260,English,hi
1,taste,med,+routine,Subj260,English,hi
